--
-- Current Database: Games
--

DROP TABLE IF EXISTS PlayerAchievement;
DROP TABLE IF EXISTS Score;
DROP TABLE IF EXISTS Achievement;
DROP TABLE IF EXISTS Game;
DROP TABLE IF EXISTS Player;

--
-- Table structures
--

CREATE TABLE Achievement (
  id INTEGER NOT NULL,
  gameId INTEGER DEFAULT NULL,
  description varchar(100) DEFAULT NULL,
  PRIMARY KEY (id)
);

CREATE TABLE Game (
  id INTEGER NOT NULL,
  version varchar(10) DEFAULT NULL,
  name varchar(150) DEFAULT NULL,
  producer varchar(50) DEFAULT NULL,
  releasedate date DEFAULT NULL,
  PRIMARY KEY (id)
);

CREATE TABLE Player (
  id INTEGER NOT NULL,
  name varchar(150) DEFAULT NULL,
  email varchar(50) DEFAULT NULL,
  PRIMARY KEY (id)
);

CREATE TABLE PlayerAchievement (
  playerId INTEGER NOT NULL,
  AchievementId INTEGER NOT NULL,
  PRIMARY KEY (playerId,AchievementId)
);

CREATE TABLE Score (
  playerId INTEGER NOT NULL,
  gameId INTEGER NOT NULL,
  timestamp timestamp NOT NULL DEFAULT CURRENT_TIMESTAMP,
  level INTEGER DEFAULT NULL,
  score INTEGER DEFAULT NULL,
  PRIMARY KEY (playerId,gameId)
);


--
-- Dumping data for table Achievement
--

INSERT INTO Achievement VALUES (0,40,'Daw Suharto: pump the lethal egg.'),(1,52,'Cephalopodan manikin: suspect the misty breath.'),(2,14,'Suharto Chile: bake the comparison, 20 times.'),(3,55,'Polysemy obbligato: flow the goofy change.'),(4,73,'Regime bowdlerize: switch the mark, 20 times.'),(5,38,'Oust Netherlands: damage the unkempt mom.'),(6,15,'Utopian effervescence: decide the overjoyed rat.'),(7,54,'Kosovo grenadine: race the action, 10 times.'),(8,11,'Canvass revolt: jump the low, 100 times.'),(9,47,'Beijing quasi: enter the misty flag.'),(10,72,'Prod triumphantly: rescue the ungreatful degree.'),(11,50,'Insurgency Chile: knot the lethal trail.'),(12,18,'Ha-Ha twain: bubble the teeny-tiny prose.'),(13,14,'Minimal torture: taste the spiteful geese.'),(14,21,'Stringent congeries: kneel the evanescent meeting.'),(15,14,'Madrigal Utopian: soothe the spiteful roll.'),(16,40,'Bowdlerize eradicate: plug the silver, 300 times.'),(17,15,'Saddam Hussein effervescence: flood the railway, 10 times.'),(18,71,'Madrigal stringent: flow the green jewel.'),(19,50,'Obbligato Suharto: rinse the voracious rice.'),(20,42,'Bowdlerize gladiolus: name the hateful plant.'),(21,25,'Serbian Suharto: pause the comfortable story.'),(22,53,'Suffrage revolt: record the vessel, 300 times.'),(23,2,'Cordial subnormality: deceive the gullible brother.'),(24,4,'Humiliating Saddam Hussein: inform the muscle, 100 times.'),(25,53,'Revolt obbligato: reach the sun, 300 times.'),(26,76,'Bosnian Bosnian: prick the spring, 100 times.'),(27,6,'Torture bromidic: remove the nutritious cat.'),(28,33,'Bowdlerize ague: ignore the eggnog, 10 times.'),(29,75,'Pelter mountebank: include the nutritious form.'),(30,24,'Kosovo Beijing: dream the lake, 50 times.'),(31,30,'Albanian tribunal: cheer the unknown basket.'),(32,28,'Beijing Peruvian: tow the damp theory.'),(33,13,'Pelter famine: listen the heady sponge.'),(34,38,'Charismatic grenadine: clean the celery, 100 times.'),(35,78,'Bowdlerize Bolivia: spoil the class, 10 times.'),(36,5,'Guatemala woodsy: rely the swing, 10 times.'),(37,5,'Ferdinand I effervescence: taste the robust spiders.'),(38,52,'Massacre polysemy: squeal the unkempt dog.'),(39,51,'Satrap hefty: paddle the rest, 300 times.'),(40,15,'Effervescence Albanian: borrow the unkempt recess.'),(41,36,'Serbian lubberly: pour the spurious day.'),(42,30,'Albanian manipulate: gather the wing, 20 times.'),(43,72,'Suharto ague: box the incredible wire.'),(44,75,'Kittiwake cordial: snore the evasive scarf.'),(45,52,'Tamp bromidic: place the three bushes.'),(46,4,'Polysemy Kosovo: suggest the level, 300 times.'),(47,10,'Stringent quasi: paddle the room, 20 times.'),(48,60,'Fascist Bangladesh: comb the cherry, 10 times.'),(49,2,'Twain massacre: dry the aback quiver.'),(50,16,'Suffrage jocular: dislike the rose, 10 times.'),(51,8,'Fascist Utopian: trade the wire, 10 times.'),(52,24,'Triumphantly Peruvian: ruin the pricey motion.'),(53,45,'Massacre stringent: interest the advertisement, 20 times.'),(54,25,'Culminate daw: separate the chess, 10 times.'),(55,15,'Cephalopodan canoodle: deserve the damp cap.'),(56,80,'Lubberly Yugoslavia: decorate the throne, 20 times.'),(57,13,'Contemplate congeries: present the coil, 20 times.'),(58,52,'Minimal torture: shiver the oven, 50 times.'),(59,21,'Madrigal eradicate: sneeze the gorgeous frame.'),(60,42,'Humiliating charismatic: shelter the green dust.'),(61,10,'Mandela stringent: paddle the railway, 100 times.'),(62,22,'Mandela charismatic: irritate the stupid drain.'),(63,16,'Civilian regime: twist the ungreatful value.'),(64,24,'Mountebank bollard: squeak the glowing tooth.'),(65,42,'Bowdlerize vulnerable: weigh the aback sky.'),(66,23,'Contemplate suffrage: follow the balance, 100 times.'),(67,5,'Utopian manikin: join the vessel, 50 times.'),(68,57,'Ferdinand I humiliating: ignore the bite, 50 times.'),(69,24,'Pelter grenadine: back the teeny-tiny nation.'),(70,9,'Pomegranate tamp: cover the box, 50 times.'),(71,36,'Regime massacre: stain the hard-to-find moon.'),(72,43,'Lubberly Suharto: follow the glowing group.'),(73,20,'Subsequently fascist: pretend the wrist, 300 times.'),(74,35,'Serbian polysemy: spot the cushion, 10 times.'),(75,6,'Hefty culminate: dream the grandiose art.'),(76,75,'Subnormality upsurge: gaze the frightening cherries.'),(77,61,'Lubberly bowdlerize: kill the trees, 300 times.'),(78,7,'Suffrage Chile: wrestle the shoes, 100 times.'),(79,32,'Suharto insurgency: bleach the trail, 300 times.'),(80,50,'Torture canoodle: sin the frightening potato.'),(81,67,'Famine paleobotany: dream the weight, 100 times.'),(82,26,'Polysemy bowdlerize: gaze the boat, 10 times.'),(83,31,'Saddam Hussein stevedore: suppose the tiny song.'),(84,60,'Revolt lubberly: drain the miscreant example.'),(85,17,'Insurgency humiliating: post the tiny potato.'),(86,6,'Effervescence daw: rhyme the wax, 100 times.'),(87,64,'Albanian Suharto: concern the impulse, 20 times.'),(88,68,'Lubberly triumphantly: jam the shoe, 10 times.'),(89,23,'Venezuela cephalopodan: charge the oven, 20 times.'),(90,78,'Pomegranate canoodle: water the frightening coach.'),(91,72,'Oust suffrage: rhyme the sneeze, 300 times.'),(92,33,'Albanian Kyrgyzstan: branch the teeny-tiny science.'),(93,32,'Mountebank oust: need the view, 20 times.'),(94,9,'Asphodel eradicate: water the evasive guide.'),(95,6,'Utopian lubberly: allow the notebook, 20 times.'),(96,15,'Grenadine bromidic: tame the adamant whistle.'),(97,14,'Manipulate kittiwake: whirl the request, 100 times.'),(98,49,'Triumphantly stringent: guide the teeny-tiny desire.'),(99,34,'Daw paleobotany: greet the frightening breath.'),(100,30,'Mountebank satrap: allow the overjoyed downtown.'),(101,79,'Gladiolus charismatic: use the wealth, 300 times.'),(102,33,'Polysemy concretize: clean the control, 20 times.'),(103,37,'Asphodel Burmese: join the feeble trick.'),(104,73,'Netherlands madrigal: heal the cap, 300 times.'),(105,61,'Serbian assassinated: decorate the grey record.'),(106,45,'Massacre Guatemala: reproduce the hateful baseball.'),(107,4,'Satrap Suharto: knot the talk, 50 times.'),(108,10,'Stringent subnormality: mine the afterthought, 300 times.'),(109,20,'Civilian canvass: gaze the heady rose.'),(110,21,'Yugoslavia Guatemala: settle the incredible cracker.'),(111,20,'Paleobotany eradicate: borrow the lethal religion.'),(112,6,'Beijing twain: twist the yam, 10 times.'),(113,21,'Oust Suharto: type the thing, 10 times.'),(114,51,'Massacre canoodle: add the sail, 20 times.'),(115,56,'Massacre jocular: suppose the plastic, 20 times.'),(116,65,'Revolt revolt: rob the idea, 100 times.'),(117,71,'Saddam Hussein manikin: clean the blood, 50 times.'),(118,37,'Bolivia massacre: float the company, 300 times.'),(119,7,'Massacre Kyrgyzstan: increase the flower, 300 times.'),(120,36,'Twain canoodle: kill the feeble wound.'),(121,39,'Quasi Peruvian: zoom the apparel, 100 times.'),(122,17,'Massacre contemplate: paddle the spurious knowledge.'),(123,35,'Subsequently civilian: tow the spurious hate.'),(124,26,'Kyrgyzstan Sri Lanka: pause the panicky plate.'),(125,18,'Bolivia Yugoslavia: warn the cemetery, 20 times.'),(126,4,'Canoodle parvenu: attack the voracious lock.'),(127,11,'Gladiolus Yugoslavia: jump the grass, 10 times.'),(128,12,'Hauteur quasi: afford the incredible fish.'),(129,30,'Ague pelter: clear the feeble achiever.'),(130,71,'Pretoria upsurge: record the nappy request.'),(131,61,'Ferdinand I massacre: walk the eyes, 300 times.'),(132,13,'Polysemy paleobotany: bow the transport, 10 times.'),(133,54,'Upsurge lubberly: cheer the poison, 100 times.'),(134,3,'Subnormality bollard: bubble the frightening apparel.'),(135,52,'Manikin famine: signal the noise, 50 times.'),(136,35,'Insurgency mountebank: tow the texture, 300 times.'),(137,69,'Humiliating eradicate: announce the overjoyed house.'),(138,39,'Parvenu Kosovo: flash the needy thread.'),(139,80,'Civilian upsurge: wrestle the hesitant toe.'),(140,52,'Stevedore ague: plan the hateful tiger.'),(141,3,'Suffrage insurgency: laugh the gold, 10 times.'),(142,55,'Hefty oust: sprout the wave, 100 times.'),(143,49,'Burmese jocular: record the panicky rake.'),(144,2,'Daw Guatemala: ruin the heady throne.'),(145,58,'Tamp concretize: impress the jail, 10 times.'),(146,66,'Paleobotany cephalopodan: enjoy the goofy destruction.'),(147,13,'Congeries pelter: paddle the aback flame.'),(148,61,'Satrap hauteur: test the women, 10 times.'),(149,34,'Madrigal civilian: travel the aback smash.'),(150,21,'Cephalopodan mountebank: crush the grey straw.'),(151,24,'Eradicate Chile: offend the prickly star.'),(152,58,'Kosovo mountebank: balance the self, 100 times.'),(153,42,'Oust Suharto: type the popcorn, 100 times.'),(154,78,'Subnormality Ferdinand I: surround the goofy quill.'),(155,71,'Vulnerable hauteur: switch the grey marble.'),(156,62,'Quasi vulnerable: head the cushion, 10 times.'),(157,78,'Bollard Saddam Hussein: wipe the cent, 300 times.'),(158,11,'Netherlands Beijing: decorate the geese, 50 times.'),(159,56,'Massacre Mandela: clean the jam, 10 times.'),(160,57,'Famine contemplate: bang the comfortable history.'),(161,35,'Burmese ha-ha: fancy the comfortable place.'),(162,72,'Vulnerable subnormality: last the needy pan.'),(163,60,'Bolivia Peruvian: back the pet, 300 times.'),(164,29,'Cordial bollard: flash the incredible pie.'),(165,40,'Assassinated Kyrgyzstan: walk the ungreatful army.'),(166,8,'Kittiwake satrap: spoil the idea, 300 times.'),(167,33,'Parvenu asphodel: start the pets, 20 times.'),(168,18,'Minimal tribunal: place the tiny discussion.'),(169,80,'Contemplate revolt: worry the statement, 300 times.'),(170,21,'Subsequently subnormality: pump the perpetual club.'),(171,76,'Suharto Serbian: enjoy the needy bat.'),(172,33,'Ferdinand I Bangladesh: afford the gorgeous game.'),(173,38,'Beijing tamp: warn the hole, 20 times.'),(174,36,'Hefty twain: borrow the spurious fire.'),(175,34,'Guatemala annulment: satisfy the crow, 50 times.'),(176,65,'Stevedore kittiwake: trade the pipe, 50 times.'),(177,49,'Subsequently triumphantly: greet the hateful pump.'),(178,33,'Upsurge paleobotany: wrestle the yarn, 10 times.'),(179,48,'Assassinated gladiolus: groan the wave, 10 times.'),(180,32,'Bromidic parvenu: dream the valuable wave.'),(181,71,'Guatemala ha-ha: water the substance, 300 times.'),(182,30,'Contemplate ague: listen the thought, 300 times.'),(183,59,'Revered manipulate: extend the three sun.'),(184,9,'Stevedore insurgency: squeal the adjustment, 300 times.'),(185,48,'Twain Bolivia: rob the used earth.'),(186,3,'Burmese culminate: suggest the comfortable seed.'),(187,51,'Congeries Suharto: test the harmony, 50 times.'),(188,57,'Canvass parvenu: drop the brake, 20 times.'),(189,12,'Humiliating minimal: drum the used expansion.'),(190,70,'Satrap Serbian: interest the unknown throne.'),(191,37,'Ague revolt: escape the dime, 20 times.'),(192,58,'Revolt oust: increase the overjoyed ghost.'),(193,63,'Pelter bollard: dance the lock, 100 times.'),(194,23,'Madrigal Bolivia: visit the voracious ocean.'),(195,18,'Subnormality upsurge: flood the overjoyed friction.'),(196,11,'Tamp jocular: laugh the dog, 50 times.'),(197,75,'Polysemy Serbian: suspect the pin, 20 times.'),(198,20,'Hauteur Albanian: slap the grey bat.'),(199,43,'Grenadine fascist: name the valuable monkey.'),(200,51,'Fascist polysemy: pop the wrist, 50 times.'),(201,34,'Bromidic subsequently: afford the time, 300 times.'),(202,75,'Mandela Suharto: blink the income, 100 times.'),(203,62,'Venezuela ague: tap the move, 300 times.'),(204,14,'Netherlands minimal: laugh the ball, 10 times.'),(205,26,'Pretoria satrap: bake the comfortable camera.'),(206,72,'Subsequently tamp: rhyme the lethal snail.'),(207,21,'Kittiwake quasi: worry the stupid earthquake.'),(208,7,'Bosnian tribunal: risk the gorgeous earth.'),(209,44,'Revolt mountebank: flow the robust yard.'),(210,7,'Insurgency Peruvian: weigh the plant, 100 times.'),(211,13,'Mandela massacre: wink the arithmetic, 300 times.'),(212,46,'Vulnerable manipulate: invite the gorgeous nose.'),(213,43,'Kittiwake triumphantly: tap the incredible cattle.'),(214,25,'Upsurge contemplate: live the cow, 50 times.'),(215,67,'Revolt satrap: strip the evasive crate.'),(216,5,'Albanian culminate: concern the zany earth.'),(217,14,'Civilian culminate: wipe the voracious insurance.'),(218,51,'Albanian Bosnian: confess the aback language.'),(219,62,'Quasi satrap: announce the yam, 20 times.'),(220,37,'Netherlands Ferdinand I: appreciate the seed, 10 times.'),(221,38,'Mandela civilian: decay the afternoon, 20 times.'),(222,57,'Twain bollard: worry the unkempt blood.'),(223,7,'Pelter revolt: end the misty pail.'),(224,10,'Woodsy Peruvian: allow the letter, 300 times.'),(225,64,'Civilian Bosnian: inform the sea, 50 times.'),(226,18,'Upsurge paleobotany: reproduce the evanescent ice.'),(227,51,'Canoodle Mandela: back the zinc, 300 times.'),(228,16,'Hauteur subnormality: taste the giants, 300 times.'),(229,19,'Madrigal Netherlands: kill the spurious pot.'),(230,23,'Kosovo ha-ha: suspect the acoustics, 10 times.'),(231,70,'Parvenu daw: brush the frightening rat.'),(232,29,'Suffrage canoodle: switch the chess, 20 times.'),(233,71,'Cordial obbligato: tickle the noise, 10 times.'),(234,78,'Albanian fascist: cover the locket, 10 times.'),(235,79,'Hefty massacre: practise the perpetual move.'),(236,77,'Minimal concretize: pump the nappy care.'),(237,49,'Bolivia lubberly: cheer the expansion, 10 times.'),(238,46,'Stringent Netherlands: enjoy the rice, 10 times.'),(239,64,'Beijing manikin: rinse the snakes, 20 times.'),(240,56,'Revolt cephalopodan: correct the yak, 100 times.'),(241,63,'Obbligato Venezuela: balance the sound, 300 times.'),(242,44,'Satrap cephalopodan: guide the distribution, 50 times.'),(243,13,'Pomegranate Venezuela: include the stupid sign.'),(244,6,'Bollard tribunal: cover the rainstorm, 100 times.'),(245,58,'Congeries stringent: dance the zany bite.'),(246,72,'Polysemy subnormality: connect the gullible brother.'),(247,15,'Venezuela cordial: communicate the misty steel.'),(248,39,'Quasi famine: reproduce the yam, 300 times.'),(249,36,'Pomegranate minimal: drain the idea, 50 times.'),(250,14,'Congeries revolt: stain the winter, 50 times.'),(251,77,'Madrigal kittiwake: practise the boring cars.'),(252,25,'Woodsy hefty: comb the boring blood.'),(253,39,'Obbligato bollard: deceive the advertisement, 10 times.'),(254,6,'Revolt canoodle: crush the ungreatful apparatus.'),(255,14,'Beijing twain: last the comfortable mark.'),(256,58,'Kyrgyzstan lubberly: tame the hobbies, 20 times.'),(257,69,'Twain ha-ha: drain the feeble activity.'),(258,52,'Oust daw: connect the church, 300 times.'),(259,30,'Fascist quasi: wipe the feeble grip.'),(260,9,'Prod Kyrgyzstan: heal the spurious dinner.'),(261,22,'Revered lubberly: rescue the hard-to-find thread.'),(262,6,'Polysemy triumphantly: wrestle the stove, 50 times.'),(263,69,'Venezuela annulment: dance the branch, 300 times.'),(264,21,'Parvenu jocular: reach the ungreatful degree.'),(265,17,'Asphodel Chile: flood the voracious system.'),(266,64,'Culminate pelter: type the worm, 50 times.'),(267,55,'Contemplate woodsy: groan the pets, 100 times.'),(268,46,'Humiliating contemplate: brush the panicky toy.'),(269,26,'Vulnerable Burmese: back the pest, 300 times.'),(270,70,'Charismatic Utopian: charge the zany amusement.'),(271,36,'Insurgency cordial: sniff the toothpaste, 100 times.'),(272,49,'Obbligato humiliating: squeak the cover, 20 times.'),(273,68,'Assassinated mountebank: tickle the oil, 300 times.'),(274,6,'Kosovo Venezuela: wait the authority, 100 times.'),(275,55,'Manikin Chile: live the toy, 50 times.'),(276,74,'Lubberly oust: switch the ungreatful icicle.'),(277,44,'Vulnerable upsurge: sniff the frightening hope.'),(278,2,'Guatemala bollard: enter the crowd, 50 times.'),(279,33,'Humiliating humiliating: box the sock, 50 times.'),(280,72,'Upsurge Chile: flash the tiny eggnog.'),(281,3,'Hauteur Pretoria: separate the house, 50 times.'),(282,12,'Massacre effervescence: squeal the ungreatful existence.'),(283,60,'Mandela bromidic: groan the unknown friend.'),(284,5,'Massacre eradicate: wait the quarter, 300 times.'),(285,27,'Madrigal bollard: borrow the trousers, 20 times.'),(286,46,'Hauteur Albanian: twist the guard, 300 times.'),(287,71,'Suffrage oust: type the boat, 50 times.'),(288,65,'Kittiwake grenadine: suspend the gullible night.'),(289,64,'Upsurge Pretoria: arrest the zany ants.'),(290,21,'Venezuela Ferdinand I: type the insurance, 10 times.'),(291,9,'Stringent triumphantly: stain the grandiose number.'),(292,78,'Stringent parvenu: decorate the girls, 100 times.'),(293,16,'Subnormality contemplate: cover the page, 100 times.'),(294,55,'Mandela madrigal: note the bat, 10 times.'),(295,35,'Albanian quasi: prick the zebra, 50 times.'),(296,58,'Manipulate revered: transport the glowing machine.'),(297,56,'Pretoria subsequently: add the pan, 10 times.'),(298,72,'Bangladesh Utopian: suggest the birth, 300 times.'),(299,69,'Jocular eradicate: dance the teeny-tiny sense.'),(300,74,'Pomegranate concretize: wrestle the advice, 10 times.'),(301,18,'Subnormality quasi: tickle the bear, 20 times.'),(302,50,'Madrigal massacre: spot the fork, 10 times.'),(303,13,'Lubberly twain: rob the friend, 300 times.'),(304,47,'Humiliating twain: weigh the waste, 50 times.'),(305,58,'Kyrgyzstan lubberly: obtain the attraction, 50 times.'),(306,29,'Subnormality Utopian: snore the aback worm.'),(307,38,'Grenadine Beijing: trap the doctor, 300 times.'),(308,33,'Minimal asphodel: jail the prickly orange.'),(309,32,'Serbian oust: clean the grandiose bite.'),(310,21,'Woodsy Venezuela: branch the silver, 100 times.'),(311,14,'Tribunal tribunal: dry the position, 50 times.'),(312,67,'Bollard hefty: trade the dolls, 50 times.'),(313,19,'Subsequently Ferdinand I: fancy the pricey porter.'),(314,39,'Fascist tamp: dust the wandering women.'),(315,6,'Bolivia Bosnian: wander the crown, 300 times.'),(316,10,'Triumphantly Kyrgyzstan: snore the grandiose guard.'),(317,27,'Canvass tribunal: rely the wandering throat.'),(318,64,'Stevedore daw: switch the rifle, 10 times.'),(319,75,'Suharto Kyrgyzstan: spark the valuable plant.'),(320,52,'Madrigal Albanian: wait the voracious stocking.'),(321,74,'Suffrage Kyrgyzstan: switch the nutritious force.'),(322,71,'Suharto manipulate: end the space, 100 times.'),(323,62,'Twain Mandela: tow the grandiose bikes.'),(324,5,'Kyrgyzstan pomegranate: snore the doctor, 300 times.'),(325,62,'Obbligato Venezuela: pause the spurious rings.'),(326,38,'Yugoslavia Guatemala: clear the care, 10 times.'),(327,34,'Contemplate revolt: damage the loss, 10 times.'),(328,13,'Bangladesh fascist: dream the feeble quarter.'),(329,52,'Yugoslavia fascist: entertain the middle, 100 times.'),(330,77,'Revered pelter: brush the perpetual hope.'),(331,18,'Cephalopodan humiliating: deserve the glowing distance.'),(332,53,'Gladiolus oust: ruin the feeble robin.'),(333,13,'Regime polysemy: back the adamant frog.'),(334,40,'Massacre Bangladesh: live the robust argument.'),(335,55,'Cordial Bolivia: offend the sisters, 10 times.'),(336,34,'Ferdinand I Kosovo: pop the stupid fuel.'),(337,80,'Saddam Hussein asphodel: appreciate the grip, 100 times.'),(338,13,'Madrigal obbligato: pour the murky grain.'),(339,28,'Subsequently asphodel: miss the lying connection.'),(340,79,'Vulnerable canvass: increase the evanescent change.'),(341,8,'Torture Netherlands: deserve the support, 50 times.'),(342,39,'Insurgency Guatemala: drip the actor, 20 times.'),(343,34,'Tamp contemplate: wink the machine, 10 times.'),(344,44,'Woodsy Netherlands: switch the coat, 300 times.'),(345,8,'Guatemala satrap: drop the bucket, 300 times.'),(346,22,'Bangladesh Burmese: shiver the quarter, 10 times.'),(347,59,'Albanian Kyrgyzstan: prick the burst, 20 times.'),(348,58,'Minimal Yugoslavia: correct the ball, 100 times.'),(349,49,'Kyrgyzstan minimal: mess up the sheep, 20 times.'),(350,26,'Quasi Netherlands: include the snails, 20 times.'),(351,32,'Kosovo jocular: arrest the feeble elbow.'),(352,73,'Contemplate Chile: melt the value, 20 times.'),(353,77,'Famine canoodle: deliver the feeble zebra.'),(354,17,'Prod congeries: reign the quill, 300 times.'),(355,80,'Manipulate daw: borrow the insect, 100 times.'),(356,28,'Stevedore subsequently: delight the wire, 50 times.'),(357,68,'Charismatic subsequently: enter the lamp, 10 times.'),(358,8,'Albanian charismatic: pop the grain, 10 times.'),(359,65,'Bromidic tamp: spoil the zany square.'),(360,20,'Hauteur bollard: switch the unknown room.'),(361,76,'Daw Suharto: comb the nappy crayon.'),(362,26,'Manikin Saddam Hussein: surprise the aback umbrella.'),(363,61,'Paleobotany bromidic: obtain the hook, 20 times.'),(364,35,'Culminate Utopian: deliver the nappy card.'),(365,3,'Kyrgyzstan bromidic: last the evanescent ship.'),(366,42,'Albanian Mandela: place the grandiose rabbits.'),(367,54,'Suharto daw: bow the lumber, 20 times.'),(368,60,'Civilian tamp: trust the deer, 50 times.'),(369,64,'Woodsy polysemy: worry the jelly, 50 times.'),(370,53,'Ferdinand I jocular: type the boring snails.'),(371,11,'Parvenu satrap: ruin the duck, 50 times.'),(372,14,'Mandela Suharto: spark the veil, 50 times.'),(373,37,'Jocular Netherlands: assasinate the silver, 10 times.'),(374,77,'Asphodel daw: disagree the side, 20 times.'),(375,45,'Kosovo Chile: irritate the pollution, 300 times.'),(376,36,'Beijing mountebank: head the sense, 300 times.'),(377,37,'Bolivia Bolivia: ruin the wandering gold.'),(378,18,'Paleobotany Suharto: tickle the behavior, 300 times.'),(379,78,'Kyrgyzstan Chile: mess up the mask, 300 times.'),(380,41,'Sri Lanka mountebank: join the plucky creator.'),(381,60,'Netherlands subsequently: impress the heady sister.'),(382,56,'Prod revolt: extend the used receipt.'),(383,44,'Concretize Yugoslavia: deserve the lethal book.'),(384,27,'Stringent Kyrgyzstan: dislike the evasive rail.'),(385,46,'Burmese fascist: offend the teeny-tiny dolls.'),(386,26,'Sri Lanka canvass: tickle the health, 50 times.'),(387,56,'Vulnerable manipulate: disagree the trip, 20 times.'),(388,77,'Annulment minimal: pop the slimy treatment.'),(389,40,'Chile eradicate: surprise the lying attack.'),(390,28,'Annulment subnormality: confess the goofy bead.'),(391,46,'Revered jocular: remain the gullible shelf.'),(392,72,'Hauteur humiliating: gather the lethal birds.'),(393,29,'Cephalopodan hauteur: flood the tray, 300 times.'),(394,8,'Subnormality suffrage: greet the hateful fear.'),(395,4,'Burmese asphodel: allow the range, 10 times.'),(396,63,'Mountebank humiliating: thank the spiteful shoes.'),(397,58,'Stevedore quasi: surprise the cook, 50 times.'),(398,79,'Bosnian fascist: separate the addition, 10 times.'),(399,42,'Hauteur stringent: spill the harmony, 100 times.'),(400,47,'Revolt Peruvian: attack the women, 100 times.'),(401,48,'Pomegranate famine: waste the need, 50 times.'),(402,80,'Paleobotany famine: snore the hard-to-find van.'),(403,74,'Revolt jocular: excuse the wool, 20 times.'),(404,77,'Chile subsequently: kill the cup, 10 times.'),(405,15,'Jocular tribunal: taste the evasive wax.'),(406,18,'Daw Venezuela: obtain the unknown legs.'),(407,36,'Jocular Sri Lanka: borrow the interest, 20 times.'),(408,1,'Cordial vulnerable: wink the prickly pickle.'),(409,53,'Saddam Hussein oust: laugh the gorgeous bat.'),(410,45,'Hauteur hauteur: shiver the moon, 50 times.'),(411,71,'Jocular lubberly: appreciate the aback foot.'),(412,50,'Asphodel Kosovo: arrest the green rub.'),(413,10,'Suharto charismatic: invite the look, 50 times.'),(414,25,'Bosnian tribunal: thank the hateful year.'),(415,41,'Paleobotany Mandela: spoil the nutritious bucket.'),(416,20,'Massacre Guatemala: end the cook, 50 times.'),(417,62,'Bangladesh gladiolus: melt the dinosaurs, 100 times.'),(418,35,'Concretize Sri Lanka: race the current, 50 times.'),(419,69,'Burmese tamp: mourn the valuable orange.'),(420,57,'Insurgency pomegranate: dust the wandering edge.'),(421,67,'Humiliating daw: cheer the ink, 10 times.'),(422,58,'Mountebank Kosovo: suspend the boring truck.'),(423,20,'Mandela canoodle: appreciate the tiny bite.'),(424,37,'Oust stevedore: arrest the attraction, 20 times.'),(425,8,'Suffrage assassinated: live the president, 10 times.'),(426,19,'Kittiwake prod: groan the sugar, 20 times.'),(427,65,'Famine fascist: squeak the sticky bottle.'),(428,29,'Suffrage contemplate: impress the grey basket.'),(429,74,'Insurgency Yugoslavia: post the ungreatful club.'),(430,62,'Charismatic Mandela: surround the gorgeous crack.'),(431,58,'Sri Lanka grenadine: visit the prickly floor.'),(432,39,'Lubberly stevedore: include the green lace.'),(433,57,'Concretize famine: bleach the misty sofa.'),(434,32,'Kyrgyzstan Chile: cover the grandiose sugar.'),(435,73,'Subsequently Burmese: sin the deer, 20 times.'),(436,61,'Cephalopodan upsurge: float the goofy silk.'),(437,63,'Suharto stevedore: warn the name, 100 times.'),(438,48,'Prod obbligato: head the sticky point.'),(439,12,'Lubberly charismatic: correct the evanescent club.'),(440,29,'Suffrage effervescence: cover the panicky cook.'),(441,70,'Assassinated tamp: include the lying pocket.'),(442,56,'Bollard fascist: irritate the blade, 100 times.'),(443,24,'Oust kittiwake: follow the porter, 20 times.'),(444,75,'Minimal pomegranate: decorate the spurious water.'),(445,38,'Bowdlerize civilian: strip the nose, 50 times.'),(446,76,'Bowdlerize woodsy: jog the heady egg.'),(447,62,'Bosnian ague: present the frightening tree.'),(448,4,'Cordial massacre: extend the jellyfish, 100 times.'),(449,48,'Ferdinand I bowdlerize: include the boring soda.'),(450,64,'Suffrage Kosovo: satisfy the grandiose spot.'),(451,1,'Woodsy polysemy: float the doll, 10 times.'),(452,24,'Fascist cordial: include the spurious finger.'),(453,10,'Cephalopodan Saddam Hussein: mine the ungreatful sink.'),(454,65,'Madrigal ague: dance the pricey thunder.'),(455,61,'Prod tamp: guide the unknown angle.'),(456,71,'Charismatic daw: follow the unkempt crowd.'),(457,60,'Assassinated mountebank: guide the glass, 100 times.'),(458,38,'Contemplate Chile: bang the adamant desire.'),(459,69,'Twain parvenu: practise the overjoyed rabbit.'),(460,77,'Congeries Kyrgyzstan: skip the plantation, 20 times.'),(461,33,'Subsequently Chile: strip the frightening design.'),(462,8,'Bangladesh ha-ha: water the stupid card.'),(463,7,'Kyrgyzstan daw: cry the pocket, 300 times.'),(464,72,'Guatemala regime: interest the throat, 300 times.'),(465,68,'Minimal Kyrgyzstan: strip the incredible work.'),(466,32,'Vulnerable torture: transport the tiny poison.'),(467,74,'Fascist kittiwake: wander the division, 100 times.'),(468,59,'Civilian Albanian: stain the cactus, 100 times.'),(469,33,'Tribunal famine: laugh the produce, 300 times.'),(470,61,'Civilian twain: dislike the needy mom.'),(471,38,'Culminate madrigal: thank the paper, 300 times.'),(472,15,'Stevedore parvenu: laugh the drawer, 20 times.'),(473,24,'Revered Beijing: excuse the guitar, 20 times.'),(474,41,'Burmese bromidic: pour the wandering cannon.'),(475,67,'Bowdlerize Pretoria: shiver the coal, 300 times.'),(476,11,'Gladiolus Albanian: pretend the ring, 50 times.'),(477,34,'Asphodel Yugoslavia: disagree the murky connection.'),(478,25,'Oust Guatemala: dust the position, 50 times.'),(479,80,'Upsurge daw: extend the adamant wire.'),(480,12,'Canvass Beijing: concern the boring sister.'),(481,37,'Stringent Burmese: flow the robust teaching.'),(482,62,'Regime stevedore: trap the boring trucks.'),(483,62,'Triumphantly Utopian: surprise the murky club.'),(484,10,'Revolt stringent: knot the stupid jam.'),(485,61,'Pelter assassinated: clean the nappy potato.'),(486,35,'Stringent obbligato: pour the power, 20 times.'),(487,29,'Cephalopodan canoodle: dance the pencil, 20 times.'),(488,72,'Charismatic civilian: end the feeble jam.'),(489,52,'Quasi tribunal: assasinate the lethal magic.'),(490,3,'Eradicate subnormality: jog the stocking, 100 times.'),(491,1,'Pomegranate famine: jam the squirrel, 100 times.'),(492,25,'Suharto Utopian: snore the unknown pest.'),(493,59,'Insurgency annulment: jump the massive direction.'),(494,15,'Revolt Venezuela: enter the berry, 100 times.'),(495,76,'Canoodle manikin: reproduce the cheese, 50 times.'),(496,63,'Kosovo famine: shiver the earthquake, 100 times.'),(497,49,'Contemplate lubberly: dust the wall, 50 times.'),(498,33,'Daw congeries: taste the adamant celery.'),(499,8,'Triumphantly congeries: obtain the needy cart.');

--
-- Dumping data for table Game
--

INSERT INTO Game VALUES (1,'3.28','The Elder Scrolls III: Morrowind','id Software','1987-07-20'),(2,'0.9','Conquests of the Longbow: The Legend of Robin Hood','Activision','1984-02-12'),(3,'3.22','Majesty: The Fantasy Kingdom Sim','Codemasters','2006-02-13'),(4,'1.23','Ultima V: Warriors of Destiny','Codemasters','1989-10-10'),(5,'2.24','Close Combat II - A Bridge too Far','Codemasters','2004-11-22'),(6,'0.7','Myth:  The Fallen Lords','Electronix Arts','1990-03-20'),(7,'3.29','Game: Ultima Worlds of Adventure 2: Martian Dreams','Blizzard','2005-09-19'),(8,'2.29','Operation Flashpoint: Cold War Crisis','BioWare','2002-08-19'),(9,'0.11','Trespasser','Microsoft Studios','2010-05-10'),(10,'2.1','Rise of Nations','Crytek','1990-08-19'),(11,'2.29','THEXDER','Crytek','2016-09-09'),(12,'3.30','The Ultimate Doom','DICE','1986-08-01'),(13,'3.17','Blood','Activision','1994-02-02'),(14,'3.4','Pharaoh','Crytek','2011-05-13'),(15,'3.8','Sim City 4','Crytek','1984-12-05'),(16,'3.22','Under a Killing Moon','Epic Games','2012-05-11'),(17,'1.7','The Last Express','Firaxis','2008-04-19'),(18,'1.18','Indiana Jones and the Fate of Atlantis','Konami','2001-08-18'),(19,'3.8','Age of Mythology and expansion Age of Mythology: The Titans','Blizzard','1994-11-24'),(20,'2.14','Caesar III','Broderbund','2006-11-23'),(21,'3.8','Marathon Series','DICE','2009-09-14'),(22,'3.6','Skyroads!','Broderbund','1985-10-12'),(23,'2.12','The Neverhood','DICE','1995-07-05'),(24,'1.25','Loom','DICE','2000-07-17'),(25,'3.10','Planescape: Torment','Activision','1999-11-18'),(26,'1.28','Lemmings','id Software','2015-02-25'),(27,'0.8','Bioforge','BioWare','1984-06-03'),(28,'0.17','Patrician III','BioWare','1994-09-10'),(29,'1.1','Wing Commander III: Heart of the Tiger','Bandai Namco','1989-11-05'),(30,'3.5','Age of Empires II - Age of Kings','Epic Games','2016-10-08'),(31,'1.4','Septerra Core: Legacy of the Creator','Crytek','1997-03-11'),(32,'2.11','General note: the requested format of 970x546 for the screenshot neglects the original format of…','Crytek','1984-07-19'),(33,'3.1','Simon The Sorcerer 1 and 2','Blizzard','1988-04-26'),(34,'3.15','Myst','id Software','1990-10-06'),(35,'0.3','Rise of Nations','Broderbund','2006-10-16'),(36,'1.27','Ultima 6','Konami','1998-12-23'),(37,'2.22','Star Wars Pit Droids','Blizzard','1997-06-03'),(38,'0.8','Maniac MansionHis ambition was to rule the world...one teenager at a time!','id Software','1999-05-17'),(39,'2.6','Rise of the Robots','Bandai Namco','1999-02-13'),(40,'1.18','Why is Icewind Dale II not on this list!?','Codemasters','2007-02-09'),(41,'0.26','Fallout','Firaxis','1993-02-06'),(42,'3.22','Project snowblind','IO Interactive','1993-02-26'),(43,'3.7','Half-Life','Bandai Namco','1999-12-22'),(44,'2.7','Roller Coaster Tycoon','Microsoft Studios','2012-05-11'),(45,'0.14','Spycraft: The Great Game','Firaxis','1995-10-01'),(46,'1.7','Bioforge','Blizzard','1991-05-24'),(47,'1.3','Lands of Lore : The Throne of Chaos','Blizzard','1984-07-13'),(48,'1.2','Descent','Bandai Namco','1986-07-13'),(49,'2.17','Scorched Earth','DICE','2009-10-17'),(50,'1.26','Catechumen','Microsoft Studios','1994-12-12'),(51,'0.7','Arcanum: Of Steamworks and Magick Obscura','Bandai Namco','2004-12-06'),(52,'0.9','Under a Killing Moon','id Software','2012-12-21'),(53,'1.18','Master of Orion II: Battle at Antares','BioWare','1993-07-21'),(54,'2.12','Runescape','DICE','2002-04-07'),(55,'0.10','Duke Nukem 3D: Atomic Edition','Firaxis','2002-01-10'),(56,'3.4','The 7th Guest 1993','DICE','2003-04-14'),(57,'1.26','Riven: The Sequel to Myst','Konami','2014-11-23'),(58,'0.19','Rise of Nations','Activision','1997-09-10'),(59,'3.11','Simon The Sorcerer 1 and 2','Broderbund','2006-12-25'),(60,'3.20','Game Name: Beast and Bumpkins','BioWare','2014-06-17'),(61,'1.15','Startopia','Firaxis','1991-04-10'),(62,'2.1','Operation Flashpoint: Cold War Crisis','Epic Games','1997-05-27'),(63,'2.17','Rune','Broderbund','1995-12-26'),(64,'3.8','Lands of Lore : The Throne of Chaos','Konami','1994-07-09'),(65,'0.19','Project Eden','Microsoft Studios','1997-03-22'),(66,'0.27','Hexen: Beyond Heretic','Blizzard','1997-01-10'),(67,'1.6','The Last Express','Bandai Namco','2002-12-07'),(68,'0.12','Dark Legions','Electronix Arts','1998-08-19'),(69,'0.12','Starsiege Tribes','Konami','2006-01-08'),(70,'1.29','Republic: The Revolution','Microsoft Studios','1989-03-16'),(71,'2.12','Spear of Destiny','Microsoft Studios','2017-08-13'),(72,'0.30','Return to Castle Wolfenstein','id Software','2004-01-04'),(73,'0.14','The Longest Journey','Microsoft Studios','2002-02-25'),(74,'2.17','Escape Velocity Nova','id Software','2016-01-25'),(75,'0.23','The Beast Within: A Gabriel Knight Mystery','Codemasters','2009-09-13'),(76,'3.6','Project Eden','Crytek','1984-03-05'),(77,'1.4','Dark Reign','Activision','2016-02-05'),(78,'1.7','X-COM: Apocalypse','Epic Games','1986-08-05'),(79,'3.22','The Dig','Activision','2002-07-23'),(80,'0.12','The Journeyman ProjectWhy? This was one of the first CD based games I really got into so it holds a …','Konami','1996-09-07');

--
-- Dumping data for table Player
--

INSERT INTO Player VALUES (1,'Jocephine Mortensen','Jocephine_Mortensen@yahoo.dk'),(2,'Ida Ruth Bauer','sumobob71@tdc.dk'),(3,'Linkert Tudvad','Tudvad83@tdc.dk'),(4,'Emil Knudsen','Emil_Knudsen@tdc.dk'),(5,'Jutha Bianchi','Bianchi84@hotmail.com'),(6,'Nathalie de Juul','spaceman71@yahoo.dk'),(7,'Svening Langtoft','churchill74@gmail.com'),(8,'Egur Oscar Bruun','sumobob86@sol.dk'),(9,'Olóf Brown','Olóf88@sol.dk'),(10,'Asmine Olesen','Olesen93@jubii.dk'),(11,'Andine Juul','Andine_Juul@hotmail.com'),(12,'Olaf Holst','Olaf_Holst@jubii.dk'),(13,'Geraldine Holst','Geraldine92@yahoo.dk'),(14,'Hartenge Holmsted','churchill88@sol.dk'),(15,'Ottur Juul','Ottur_Juul@sol.dk'),(16,'Metty Bonde','Metty80@yahoo.dk'),(17,'Goli Bühlendorf','Goli70@gmail.com'),(18,'Baron Holmfeldt','Baron_Holmfeldt@jubii.dk'),(19,'Kratz Becker','sumobob70@gmail.com'),(20,'Kaj Otto Sønderkær','churchill73@gmail.com'),(21,'Ove Russo','hitman65@tdc.dk'),(22,'Jens Niels Hoffmann','guldfisk87@sol.dk'),(23,'Nels J. Eskildsen','Nels66@tdc.dk'),(24,'Otto Knud Stubsted','Otto93@tdc.dk'),(25,'Carl Marinus Andersen','Carl70@tdc.dk'),(26,'Øivind Johansen','Johansen79@yahoo.dk'),(27,'Gøsta Enevoldsen','Enevoldsen77@tdc.dk'),(28,'Bence Sivertsen','Sivertsen79@hotmail.com'),(29,'Ove Anker Dusefante','Dusefante88@gmail.com'),(30,'Vernholdur Holst','Vernholdur87@gmail.com'),(31,'Ivert Iversen','Ivert87@jubii.dk'),(32,'Frido Stjernsted','Frido_Stjernsted@yahoo.dk'),(33,'Inger Fris','guldfisk82@gmail.com'),(34,'Oyier Adenauer','Adenauer73@jubii.dk'),(35,'Marther Enevoldsen','Marther_Enevoldsen@sol.dk'),(36,'Luice Sørensen','Luice89@tdc.dk'),(37,'Frid Bauer','Frid_Bauer@gmail.com'),(38,'Idamette Ahmad','Idamette72@tdc.dk'),(39,'Anelio Møller','Anelio_Møller@tdc.dk'),(40,'Zeneide Williams','paperboy73@sol.dk'),(41,'Annibale Schimdt','Schimdt65@yahoo.dk'),(42,'Fritz Hans Højtoft','Højtoft82@gmail.com'),(43,'Aag Berg','Berg89@jubii.dk'),(44,'Anna Sundgaard','Anna_Sundgaard@jubii.dk'),(45,'Bothilda Fischer','paperboy89@sol.dk'),(46,'Anna Konradsen','Anna_Konradsen@tdc.dk'),(47,'Vitto Bruun','guldfisk82@gmail.com'),(48,'Eremita Knudsen','hitman70@hotmail.com'),(49,'Daseba Brown','Brown71@yahoo.dk'),(50,'Holline Sølvgård','Holline72@gmail.com'),(51,'Baba Hoffmann','hitman92@sol.dk'),(52,'Johane Rosenbo','Johane71@jubii.dk'),(53,'Emil Ludvig Skovholm','sumobob80@hotmail.com'),(54,'Aldur Bertrand','Bertrand77@hotmail.com'),(55,'Vaselica Taylor','sumobob79@gmail.com'),(56,'Niels Joh. Bauer','Bauer80@jubii.dk'),(57,'Antorine Dalsager','Dalsager64@tdc.dk'),(58,'Carl Knud Brown','paperboy79@hotmail.com'),(59,'Jensine  Buch','Jensine70@jubii.dk'),(60,'Ellaj Fischer','Ellaj_Fischer@jubii.dk'),(61,'Hartmann Lewis','Hartmann_Lewis@gmail.com'),(62,'Binamin Langdrup','Langdrup79@tdc.dk'),(63,'Philly Eskildsen','Eskildsen75@tdc.dk'),(64,'Klemang Nielsen','Nielsen92@hotmail.com'),(65,'Cerina Karlsen','Karlsen65@gmail.com'),(66,'Jens Rossi','Jens_Rossi@tdc.dk'),(67,'Edhardt Lund','guldfisk86@sol.dk'),(68,'Baggai Brøndholm','numberone94@gmail.com'),(69,'Thoga Bruun','Bruun84@gmail.com'),(70,'Stener Biermann','numberone92@jubii.dk'),(71,'Doret Bianchi','Bianchi67@hotmail.com'),(72,'Alma C. Bertrand','Alma80@hotmail.com'),(73,'Vera Bruun Strandgaard','Vera_Strandgaard@jubii.dk'),(74,'Petre Andreassen','Petre92@gmail.com'),(75,'Gary Stranddrup','paperboy66@jubii.dk'),(76,'Petramine Sivertsen','Petramine74@jubii.dk'),(77,'Olivia Sølvbakke','Olivia81@yahoo.dk'),(78,'Max Magnus Sæbye','Max74@tdc.dk'),(79,'Hans Adenauer','Adenauer95@gmail.com'),(80,'Lindorff Schimdt','numberone65@hotmail.com'),(81,'Yrsa Ellen Stubgård','Stubgård80@gmail.com'),(82,'Carl Jean Berg','Berg92@gmail.com'),(83,'Georgette Bianchi','Bianchi88@yahoo.dk'),(84,'Ib Mogens Mortensen','Mortensen71@gmail.com'),(85,'Sudgar Skovbygaard','Sudgar_Skovbygaard@gmail.com'),(86,'Coba Rosengård','Coba93@gmail.com'),(87,'Matale Christiani','Matale_Christiani@sol.dk'),(88,'Axel Lindevad','Axel_Lindevad@sol.dk'),(89,'Egil Bang','Egil_Bang@hotmail.com'),(90,'Bonavang Mortensen','Bonavang_Mortensen@jubii.dk'),(91,'Gudmand Karlsen','Gudmand_Karlsen@tdc.dk'),(92,'Markel Stjernfeldt','sumobob87@yahoo.dk'),(93,'Antoine Enevoldsen','Antoine_Enevoldsen@tdc.dk'),(94,'Geretha Strandtoft','Geretha_Strandtoft@tdc.dk'),(95,'Curdt Tudholm','Tudholm80@yahoo.dk'),(96,'Hans Nielsen','Nielsen73@sol.dk'),(97,'Viggo Dusefante','spaceman81@tdc.dk'),(98,'Adolf Jens Johansen','Adolf95@yahoo.dk'),(99,'Herprudur Hansen','Hansen86@jubii.dk'),(100,'Ragndy Hoffmann','numberone82@yahoo.dk'),(101,'Sigorny Fris','Fris81@sol.dk'),(102,'Ditløv Bruun','Ditløv94@yahoo.dk'),(103,'Birth Mortensen','numberone86@tdc.dk'),(104,'Matilda Bøglund','Matilda65@gmail.com'),(105,'S. Th. Eriksen','Eriksen64@sol.dk'),(106,'Elvin Mortensen','Elvin85@gmail.com'),(107,'Rarmark Pedersen','numberone75@jubii.dk'),(108,'Arluf Dahl','Arluf83@sol.dk'),(109,'Beathe Russo','Beathe89@sol.dk'),(110,'Dukert Kristoffersen','numberone74@yahoo.dk'),(111,'Ane Brøndsted','Ane_Brøndsted@jubii.dk'),(112,'Egon Johan Ravn','Egon_Ravn@tdc.dk'),(113,'Hardon Karlsen','churchill78@sol.dk'),(114,'Fridtjof Lund','churchill76@gmail.com'),(115,'Sonja Karlsen','rolfcopter74@gmail.com'),(116,'Helmi Hansen','Helmi66@sol.dk'),(117,'Frits-Vilhelm Fris','Fris71@gmail.com'),(118,'Welphey Juul','Juul78@yahoo.dk'),(119,'Annichen Langkjær','Annichen_Langkjær@gmail.com'),(120,'Egmont Bruun','guldfisk89@sol.dk'),(121,'Lau Villy Poulsen','churchill67@hotmail.com'),(122,'Smoel Dusefante','Smoel_Dusefante@yahoo.dk'),(123,'Goldine Winther','Winther78@jubii.dk'),(124,'Alhida Adenauer','Alhida70@sol.dk'),(125,'Nike Taylor','hitman95@hotmail.com'),(126,'Marcha Holst','Marcha_Holst@tdc.dk'),(127,'Berks Hoffmann','Hoffmann90@jubii.dk'),(128,'Ernfri Bruun','Bruun72@jubii.dk'),(129,'Heiterich Højfeldt','sumobob67@jubii.dk'),(130,'Aslang Højbakke','numberone76@sol.dk'),(131,'Steinbjørn Skovkær','Steinbjørn94@yahoo.dk'),(132,'Natkin Bertrand','Natkin67@tdc.dk'),(133,'Ivy Lewis','Ivy_Lewis@hotmail.com'),(134,'Imerta Olesen','Imerta85@sol.dk'),(135,'Inger Stubvad','Stubvad77@yahoo.dk'),(136,'Avalone Møllund','Avalone_Møllund@sol.dk'),(137,'Ida Knudsen','spaceman79@yahoo.dk'),(138,'Lovika Malmholdt','Lovika94@hotmail.com'),(139,'Fjeld Dalager','Fjeld_Dalager@yahoo.dk'),(140,'Vasily Petersen','Vasily74@yahoo.dk'),(141,'Irmengard Andreassen','Irmengard75@sol.dk'),(142,'Ellen Marie Dahl','Ellen64@jubii.dk'),(143,'Christuian Juul','Christuian79@sol.dk'),(144,'Cari Ackermann','churchill91@tdc.dk'),(145,'Jonelopi Langkær','Jonelopi84@yahoo.dk'),(146,'Kaj Angul Thomsen','Kaj_Thomsen@hotmail.com'),(147,'Thorsøe Sølvtoft','Sølvtoft80@gmail.com'),(148,'Efckaim Winther','Efckaim92@tdc.dk'),(149,'Richardt Bøgholdt','numberone82@yahoo.dk'),(150,'Boje Bauer','sumobob93@hotmail.com'),(151,'Nisl Bühlendorf','Nisl_Bühlendorf@sol.dk'),(152,'Julle Holst','Julle90@gmail.com'),(153,'Eva Rossi','Eva86@gmail.com'),(154,'Ivardine Lewis','Ivardine_Lewis@yahoo.dk'),(155,'Vilfried Fischer','Vilfried75@sol.dk'),(156,'Eva Laura Andersen','Eva_Andersen@hotmail.com'),(157,'Konie Ravn','rolfcopter68@yahoo.dk'),(158,'Elna Petersen','numberone74@sol.dk'),(159,'Krestine Taylor','Krestine_Taylor@jubii.dk'),(160,'Poul g Møller','Poul_Møller@tdc.dk'),(161,'Gertea Iversen','Gertea88@yahoo.dk'),(162,'Søborg Dusefante','Søborg_Dusefante@yahoo.dk'),(163,'Baldur Pedersen','Baldur_Pedersen@jubii.dk'),(164,'Lorence Bøgbygaard','Lorence91@gmail.com'),(165,'Getlaøg Russo','Getlaøg89@hotmail.com'),(166,'Senta Nørvad','spaceman94@hotmail.com'),(167,'Bertranda Frost','churchill73@hotmail.com'),(168,'Klara Kristoffersen','Kristoffersen89@gmail.com'),(169,'Caschimer Ahmad','Caschimer85@hotmail.com'),(170,'Fridhiof Lindested','Fridhiof66@yahoo.dk'),(171,'Juetta Lund','Juetta76@yahoo.dk'),(172,'Otmar Adenauer','Otmar_Adenauer@tdc.dk'),(173,'Johan Mølbygaard','rolfcopter74@tdc.dk'),(174,'Ahona Buch','Buch84@tdc.dk'),(175,'Emrye Nørdrup','Emrye_Nørdrup@hotmail.com'),(176,'Bøye Becker','Bøye_Becker@tdc.dk'),(177,'Vilhelm Christiansen','Vilhelm64@yahoo.dk'),(178,'Marjen Williams','Marjen_Williams@jubii.dk'),(179,'Varinca Dusefante','Varinca82@yahoo.dk'),(180,'Anna Winther','Anna95@yahoo.dk'),(181,'Arturo Dambygaard','churchill86@sol.dk'),(182,'Henricy Adenauer','churchill69@sol.dk'),(183,'Abigall Andersen','Abigall_Andersen@hotmail.com'),(184,'Fradel Williams','Fradel_Williams@tdc.dk'),(185,'Knud Jean Sønderkær','Knud92@hotmail.com'),(186,'Wilmer Bøgtoft','sumobob92@gmail.com'),(187,'Gytha Schimdt','Gytha76@hotmail.com'),(188,'Darny Knudsen','Darny73@sol.dk'),(189,'Niel Sivertsen','Niel67@jubii.dk'),(190,'Jury Søkær','rolfcopter93@tdc.dk'),(191,'Rosa Williams','paperboy80@gmail.com'),(192,'Helge Malmsted','rolfcopter74@jubii.dk'),(193,'Mai Mortensen','guldfisk93@hotmail.com'),(194,'Emma Becker','Becker71@sol.dk'),(195,'Cicile Ravn','paperboy79@sol.dk'),(196,'Hessel Nielsen','sumobob86@yahoo.dk'),(197,'Erik Johan Jørgensen','Erik70@yahoo.dk'),(198,'Regnholt Højby','Højby91@tdc.dk'),(199,'Emmy Eskildsen','sumobob72@jubii.dk'),(200,'Efraheim Lorentzsen','Efraheim87@sol.dk'),(201,'Katinke Biermann','sumobob68@jubii.dk'),(202,'Loggie Sølvbygaard','Loggie_Sølvbygaard@gmail.com'),(203,'Alix Schultz','Schultz82@jubii.dk'),(204,'Garnst Juul','guldfisk87@gmail.com'),(205,'Ingeborg Andreassen','numberone72@jubii.dk'),(206,'Hans Ravn','hitman80@yahoo.dk'),(207,'Iris Andreassen','Iris_Andreassen@sol.dk'),(208,'Emma Frost','Emma_Frost@yahoo.dk'),(209,'Arne Viggo Skovdrup','Skovdrup67@tdc.dk'),(210,'Fege Skovholm','Fege82@jubii.dk'),(211,'Catharina Dybkjær','Dybkjær94@gmail.com'),(212,'Thamas Dybsted','Thamas76@jubii.dk'),(213,'Dan Jørgensen','Dan85@sol.dk'),(214,'Oda Holst','Oda68@hotmail.com'),(215,'Vange Bonde','spaceman76@sol.dk'),(216,'Marguerita Lorentzsen','Marguerita94@tdc.dk'),(217,'Litten Damvad','Litten_Damvad@jubii.dk'),(218,'Arne Axel Hoffmann','Arne83@yahoo.dk'),(219,'Hedinrich Petersen','Hedinrich_Petersen@jubii.dk'),(220,'Lars Nørsted','Lars83@jubii.dk'),(221,'Elisa Hoffmann','Hoffmann87@gmail.com'),(222,'Karl Anker Knudsen','Knudsen65@hotmail.com'),(223,'Kay Dahl','Kay_Dahl@gmail.com'),(224,'Owe Jørgensen','spaceman67@tdc.dk'),(225,'Vesta Søager','rolfcopter94@hotmail.com'),(226,'June Svend Bruun','churchill84@gmail.com'),(227,'Harry Frost','guldfisk77@gmail.com'),(228,'Any Hoffmann','Any_Hoffmann@hotmail.com'),(229,'Atlev Frost','Atlev_Frost@sol.dk'),(230,'Judits Juul','Judits_Juul@yahoo.dk'),(231,'Joseas Clausen','Clausen77@gmail.com'),(232,'Stø Dybholdt','Dybholdt88@gmail.com'),(233,'Rita Emma Buch','Rita80@sol.dk'),(234,'Toba Malmbygaard','sumobob66@yahoo.dk'),(235,'Addy Lewis','Lewis69@yahoo.dk'),(236,'Edua Sundkjær','Edua_Sundkjær@gmail.com'),(237,'Altha Stranddrup','guldfisk74@hotmail.com'),(238,'Giorgine Bøgbygaard','Giorgine85@sol.dk'),(239,'Alfa Sønderborg','Alfa_Sønderborg@jubii.dk'),(240,'Otto Williams','paperboy71@jubii.dk'),(241,'Palominia Bianchi','hitman80@sol.dk'),(242,'Olaf Christiansen','Olaf_Christiansen@sol.dk'),(243,'Judas Sæbye','churchill92@jubii.dk'),(244,'John Ole Frost','churchill78@gmail.com'),(245,'Mariam Hansen','Mariam_Hansen@jubii.dk'),(246,'Mavil Russo','Mavil_Russo@hotmail.com'),(247,'Glaseen Søndergård','guldfisk83@tdc.dk'),(248,'Harriet Dahl','sumobob94@yahoo.dk'),(249,'Warna Bianchi','spaceman90@sol.dk'),(250,'Jan Poulsen','Poulsen78@sol.dk'),(251,'Lydia Russo','Lydia_Russo@sol.dk'),(252,'Glads Berg','sumobob84@jubii.dk'),(253,'Laurita Malmtoft','churchill78@jubii.dk'),(254,'Ida Winther','Ida92@gmail.com'),(255,'Olga M. Lund','Lund86@jubii.dk'),(256,'Kitter Watson','Kitter_Watson@sol.dk'),(257,'Geirraim Ackermann','Ackermann76@gmail.com'),(258,'Anberg Maglevad','Anberg_Maglevad@jubii.dk'),(259,'Kaj Oscar Sæbye','Kaj67@yahoo.dk'),(260,'Betty Rosenkær','Betty_Rosenkær@hotmail.com'),(261,'Willard Maglebakke','Willard93@sol.dk'),(262,'Roma Gerda Watson','Roma_Watson@tdc.dk'),(263,'Zarine Williams','Williams88@gmail.com'),(264,'Herlev Brøndbo','Herlev94@sol.dk'),(265,'Florence Knudsen','Florence81@gmail.com'),(266,'Kerri Petersen','Petersen70@hotmail.com'),(267,'Tomasigne Adenauer','Tomasigne92@jubii.dk'),(268,'Emly Williams','Emly70@yahoo.dk'),(269,'Mary Kristoffersen','Kristoffersen79@hotmail.com'),(270,'Peter Melfeldt','hitman74@sol.dk'),(271,'Frederika Brøndgård','Frederika78@tdc.dk'),(272,'Rigbold Lewis','guldfisk68@sol.dk'),(273,'Olaf Rossi','Rossi72@yahoo.dk'),(274,'Henriksigne Konradsen','Henriksigne91@yahoo.dk'),(275,'Mads Kai Dalsgård','guldfisk91@yahoo.dk'),(276,'Benediktine Søndergaard','sumobob76@tdc.dk'),(277,'Hans Philip Maglebygaard','Maglebygaard66@jubii.dk'),(278,'Jens Lund','Jens66@yahoo.dk'),(279,'Anna Berg','Anna_Berg@tdc.dk'),(280,'Peter Martin Bianchi','Bianchi75@sol.dk'),(281,'Carl Helmer Bauer','Carl_Bauer@gmail.com'),(282,'Blumma Konradsen','spaceman91@yahoo.dk'),(283,'Petrunelli Petersen','Petrunelli_Petersen@sol.dk'),(284,'Lauritz Chr. Lewis','sumobob92@gmail.com'),(285,'Envor Stjernvad','spaceman68@gmail.com'),(286,'Sibilla Enevoldsen','Enevoldsen79@sol.dk'),(287,'Hillegerd Frost','Hillegerd_Frost@yahoo.dk'),(288,'Mary Malmvad','Malmvad68@yahoo.dk'),(289,'Bergkøb Malmager','hitman66@hotmail.com'),(290,'Gunhart Lewis','Lewis81@yahoo.dk'),(291,'Hjærty Bonde','Hjærty67@yahoo.dk'),(292,'Anne Carla Taylor','Anne67@yahoo.dk'),(293,'Jens Sølund','Jens79@sol.dk'),(294,'Niels Aage Andersen','Niels_Andersen@tdc.dk'),(295,'Max Dusefante','rolfcopter81@yahoo.dk'),(296,'Phillippa Tudborg','Tudborg66@sol.dk'),(297,'Dèsirè Taylor','Dèsirè94@yahoo.dk'),(298,'Thorhallur Ahmad','numberone81@sol.dk'),(299,'Roline Winther','hitman67@hotmail.com'),(300,'Jean Carl Sønderbakke','Jean_Sønderbakke@hotmail.com'),(301,'Thovald Andreassen','Thovald_Andreassen@tdc.dk'),(302,'Hans Pauli Dusefante','Dusefante64@hotmail.com'),(303,'Erna Kåltoft','churchill81@yahoo.dk'),(304,'Nita Dusefante','Nita75@gmail.com'),(305,'Petrrine Konradsen','Konradsen64@tdc.dk'),(306,'Ana Johansen','Johansen84@sol.dk'),(307,'Gazela Watson','rolfcopter81@hotmail.com'),(308,'Egan Carl Fischer','numberone81@yahoo.dk'),(309,'H.P.Ch. Schultz','H.P.Ch._Schultz@jubii.dk'),(310,'Asta Nina Fris','Asta66@yahoo.dk'),(311,'Bjøla Clausen','Bjøla_Clausen@tdc.dk'),(312,'Nuchim Lewis','Lewis83@hotmail.com'),(313,'Alf Bauer','spaceman67@hotmail.com'),(314,'Ida Elisa Winther','Ida_Winther@sol.dk'),(315,'Iles Melholdt','spaceman64@tdc.dk'),(316,'Martelius Melbakke','Melbakke78@sol.dk'),(317,'Lurits Winther','Winther72@hotmail.com'),(318,'Normi Schimdt','Normi83@jubii.dk'),(319,'Kaj Bruun','Kaj_Bruun@jubii.dk'),(320,'Gurli Tove Buch','Buch75@gmail.com'),(321,'Asta Sofie Lewis','Asta_Lewis@tdc.dk'),(322,'Sestine Jørgensen','Sestine_Jørgensen@gmail.com'),(323,'Guda Søkær','Søkær79@gmail.com'),(324,'Ninnik Konradsen','Konradsen72@gmail.com'),(325,'Henry Chr. Sønderholdt','Henry88@sol.dk'),(326,'Polu Hansen','Hansen86@hotmail.com'),(327,'Villy Bertrand','spaceman88@gmail.com'),(328,'Fjortevad Strandsted','churchill93@jubii.dk'),(329,'Thonny Russo','Thonny_Russo@tdc.dk'),(330,'Mordy Dusefante','Mordy71@yahoo.dk'),(331,'Mads Biermann','numberone77@gmail.com'),(332,'Sigurd R. Christiani','hitman92@hotmail.com'),(333,'Egon Jens Enevoldsen','Enevoldsen67@sol.dk'),(334,'Cantenzin Biermann','spaceman77@sol.dk'),(335,'Sirach Taylor','Sirach_Taylor@sol.dk'),(336,'Melin Clausen','Melin64@yahoo.dk'),(337,'Albert C. Pedersen','Albert76@yahoo.dk'),(338,'Tommi Sørensen','Tommi83@gmail.com'),(339,'Kark Bühlendorf','Bühlendorf69@sol.dk'),(340,'Hugo Emil Johansen','Johansen84@gmail.com'),(341,'Volfred Iversen','Iversen89@hotmail.com'),(342,'Junge Skovager','Skovager85@gmail.com'),(343,'Ary Christiansen','paperboy78@sol.dk'),(344,'Else Bauer','Else_Bauer@sol.dk'),(345,'Else Julie Holmkjær','Else_Holmkjær@tdc.dk'),(346,'Nicaa Rossi','Nicaa64@hotmail.com'),(347,'Malvine Fischer','Malvine_Fischer@hotmail.com'),(348,'Erik Greve Juul','Juul75@gmail.com'),(349,'Frederik Konradsen','Frederik91@tdc.dk'),(350,'Sebastian Stjernvad','Stjernvad80@hotmail.com'),(351,'Drude Christiansen','Drude87@tdc.dk'),(352,'Hanka Dusefante','Hanka_Dusefante@yahoo.dk'),(353,'Lunn Dybkær','Lunn_Dybkær@gmail.com'),(354,'Carl Hugo Ahmad','Carl94@jubii.dk'),(355,'Andkjær Ravn','sumobob64@yahoo.dk'),(356,'Marks Bøglund','Bøglund68@gmail.com'),(357,'Ettin Fris','guldfisk93@sol.dk'),(358,'Dahlline Bruun','guldfisk80@sol.dk'),(359,'Ove Bauer','Bauer72@tdc.dk'),(360,'Asta Ravn','Asta84@tdc.dk'),(361,'Eivind Taylor','Eivind_Taylor@yahoo.dk'),(362,'Tayfy Bonde','Tayfy_Bonde@jubii.dk'),(363,'Bitha Schultz','Bitha85@tdc.dk'),(364,'Carl Bent Dalkjær','Dalkjær77@tdc.dk'),(365,'Carlo M. Johansen','Carlo69@gmail.com'),(366,'Poul Jean Lewis','Lewis66@hotmail.com'),(367,'Sigtrygur Sølvbygaard','hitman66@gmail.com'),(368,'Garcha Rossi','Rossi70@yahoo.dk'),(369,'Einar Nielsen','churchill79@tdc.dk'),(370,'Willy Taylor','churchill78@jubii.dk'),(371,'Tage Winther','Tage_Winther@tdc.dk'),(372,'Gösta Bertrand','Gösta86@yahoo.dk'),(373,'Dominska Johansen','Dominska_Johansen@yahoo.dk'),(374,'Poul Anæus Becker','sumobob78@yahoo.dk'),(375,'Franzisko Larsen','churchill67@sol.dk'),(376,'Ivanoiw Schimdt','Ivanoiw_Schimdt@gmail.com'),(377,'Rieke Tudholdt','hitman79@gmail.com'),(378,'A.Th. Bruun','A.Th.79@jubii.dk'),(379,'Lottie Bertelsen','Lottie81@hotmail.com'),(380,'Herst Knudsen','Knudsen74@hotmail.com'),(381,'Tage Juul','Tage73@yahoo.dk'),(382,'Markvad Skovby','rolfcopter64@jubii.dk'),(383,'Fester Madsen','Fester_Madsen@hotmail.com'),(384,'Ivardine Karlsen','Karlsen77@jubii.dk'),(385,'Swante Madsen','Swante_Madsen@jubii.dk'),(386,'Katinka M. Enevoldsen','Katinka82@sol.dk'),(387,'Machor Ackermann','Machor_Ackermann@jubii.dk'),(388,'Elly Biermann','Elly_Biermann@sol.dk'),(389,'Aland Dybballe','Aland91@hotmail.com'),(390,'Renate Knudsen','Renate65@sol.dk'),(391,'Gortha Juul','Gortha_Juul@yahoo.dk'),(392,'Mordekel Brøndlund','spaceman86@jubii.dk'),(393,'Carl Lars Dalballe','Carl_Dalballe@gmail.com'),(394,'Svanse Ravn','Ravn64@hotmail.com'),(395,'Ena Bang','Bang94@gmail.com'),(396,'Lætitia Sæbye','Lætitia90@tdc.dk'),(397,'Ora Katty Lund','Lund89@yahoo.dk'),(398,'Eudora Bonde','numberone79@sol.dk'),(399,'Claudine Schimdt','Claudine70@hotmail.com'),(400,'Fridt Steffensen','churchill94@hotmail.com'),(401,'Serges Ravn','Serges77@gmail.com'),(402,'Ematz Holmbakke','Holmbakke78@sol.dk'),(403,'Marie Kålbo','Marie_Kålbo@gmail.com'),(404,'Luzensis Berg','Berg83@jubii.dk'),(405,'Ove Henry Juul','Juul91@hotmail.com'),(406,'Magretha Frost','Frost83@sol.dk'),(407,'Ernstine Larsen','Ernstine83@tdc.dk'),(408,'Monica Marie Buch','Buch90@yahoo.dk'),(409,'Botke Fris','rolfcopter91@gmail.com'),(410,'Hedvig Iversen','Hedvig_Iversen@hotmail.com'),(411,'Poul Caj Bonde','Bonde90@tdc.dk'),(412,'Kate Jørgensen','Kate_Jørgensen@tdc.dk'),(413,'Bärtha Karlsen','Bärtha91@hotmail.com'),(414,'Amageret Dusefante','Amageret_Dusefante@gmail.com'),(415,'Eva Hedekjær','Eva75@yahoo.dk'),(416,'Chagit Bruun','Chagit_Bruun@gmail.com'),(417,'Gross. Ackermann','Gross.86@sol.dk'),(418,'Povl Carl Ahmad','Povl_Ahmad@tdc.dk'),(419,'Egon Svend Poulsen','rolfcopter91@yahoo.dk'),(420,'Rosa Viola Stjernholm','Stjernholm73@yahoo.dk'),(421,'Bensine Frost','Bensine71@tdc.dk'),(422,'Carlo Karlsen','Carlo68@jubii.dk'),(423,'Fiofila Andersen','Fiofila_Andersen@yahoo.dk'),(424,'Ebsa Fischer','paperboy74@hotmail.com'),(425,'Walther Jensen','hitman70@sol.dk'),(426,'Lausinde Tudholdt','Lausinde83@jubii.dk'),(427,'Max Buch','guldfisk89@hotmail.com'),(428,'Sigierdug Ravn','numberone83@jubii.dk'),(429,'Ludvig Watson','hitman84@gmail.com'),(430,'Søren Kjær Fischer','paperboy74@hotmail.com'),(431,'Dena Olesen','Dena95@sol.dk'),(432,'Jønine Ringbo','Jønine81@tdc.dk'),(433,'Axeline Dusefante','Axeline90@hotmail.com'),(434,'Emmery Brown','Emmery_Brown@sol.dk'),(435,'Laura Lewis','guldfisk75@tdc.dk'),(436,'Rickard Clausen','Rickard_Clausen@gmail.com'),(437,'Caja Bianchi','churchill83@jubii.dk'),(438,'Astrid Ravn','Astrid_Ravn@gmail.com'),(439,'Athilie Højballe','Athilie_Højballe@gmail.com'),(440,'Kaj Georg Ringager','Ringager95@hotmail.com'),(441,'Olippa Højborg','Højborg66@sol.dk'),(442,'Hildigun Enevoldsen','Hildigun69@sol.dk'),(443,'Hannart Petersen','Hannart_Petersen@gmail.com'),(444,'Oda Hansen','Oda_Hansen@sol.dk'),(445,'Arnost Watson','Watson82@hotmail.com'),(446,'Joseske Lindekjær','Lindekjær68@hotmail.com'),(447,'Arne Carl Lewis','churchill81@jubii.dk'),(448,'Tinni Sølvlund','Tinni_Sølvlund@yahoo.dk'),(449,'Ebba Freda Schultz','Ebba_Schultz@sol.dk'),(450,'Dally Dybbo','Dybbo68@hotmail.com'),(451,'Ectu Taylor','Ectu90@jubii.dk'),(452,'Janha Olesen','Janha_Olesen@sol.dk'),(453,'Nella Biermann','Nella_Biermann@yahoo.dk'),(454,'Sofus Aug. Sølvbygaard','rolfcopter76@hotmail.com'),(455,'Børge Schultz','Børge65@jubii.dk'),(456,'Stense Christiansen','Stense85@sol.dk'),(457,'Felix  Brown','Brown73@jubii.dk'),(458,'Heyrum Frost','Frost86@jubii.dk'),(459,'Ida Dagny Lewis','Ida80@sol.dk'),(460,'Rosero Dusefante','Rosero_Dusefante@tdc.dk'),(461,'Anna Bonde','Anna74@tdc.dk'),(462,'Give Tage Winther','Give_Winther@gmail.com'),(463,'Svavav Sundbygaard','Svavav78@tdc.dk'),(464,'Starinos Sivertsen','Starinos83@hotmail.com'),(465,'Diane Strandsted','Strandsted73@sol.dk'),(466,'Elna Thora Becker','Elna94@tdc.dk'),(467,'Bendickte Rosenlund','Bendickte_Rosenlund@tdc.dk'),(468,'Malfrid Sørensen','Malfrid74@gmail.com'),(469,'Kati Sørensen','Kati_Sørensen@yahoo.dk'),(470,'Aslebjørn Søkær','Aslebjørn71@gmail.com'),(471,'Jacues Melsted','Jacues_Melsted@gmail.com'),(472,'Else Juul','Else74@sol.dk'),(473,'Dragoljub Madsen','Dragoljub94@yahoo.dk'),(474,'Ellen Kaja Dusefante','churchill93@tdc.dk'),(475,'Nete Nielsen','Nete65@gmail.com'),(476,'Axel Bauer','Bauer83@jubii.dk'),(477,'Osserukoska Winther','numberone82@yahoo.dk'),(478,'Almira Kålkær','sumobob93@hotmail.com'),(479,'Octinia Lorentzsen','Octinia_Lorentzsen@yahoo.dk'),(480,'Kønig Brøndholm','Kønig_Brøndholm@hotmail.com'),(481,'Helms Hedetoft','Helms_Hedetoft@gmail.com'),(482,'Karlein Brown','Brown78@tdc.dk'),(483,'Peter Mølsted','Peter_Mølsted@jubii.dk'),(484,'Nilly Watson','Nilly80@jubii.dk'),(485,'Katerine Rossi','Rossi88@sol.dk'),(486,'Maximiliane Langballe','Maximiliane70@sol.dk'),(487,'Edvard Lund','Lund66@sol.dk'),(488,'Bergithe Johansen','hitman84@sol.dk'),(489,'Emelie Ahmad','rolfcopter74@hotmail.com'),(490,'Sesselja Nielsen','Sesselja_Nielsen@gmail.com'),(491,'Absalon Pedersen','Pedersen82@sol.dk'),(492,'Angnie Andreassen','Andreassen86@gmail.com'),(493,'Ida Hildur Langfeldt','Ida70@gmail.com'),(494,'Bonaparte Schimdt','Schimdt66@yahoo.dk'),(495,'Laura Oda Russo','Laura_Russo@tdc.dk'),(496,'Tany Williams','Tany66@yahoo.dk'),(497,'Flora Bertrand','Flora77@yahoo.dk'),(498,'Manis Bühlendorf','rolfcopter66@tdc.dk'),(499,'Dora Taylor','Dora_Taylor@jubii.dk'),(500,'H Joh. Schultz','H_Schultz@gmail.com');

--
-- Dumping data for table PlayerAchievement
--

INSERT INTO PlayerAchievement VALUES (1,208),(1,253),(1,324),(2,329),(2,476),(3,7),(3,86),(3,264),(3,288),(3,471),(4,224),(4,469),(6,33),(6,143),(6,223),(6,448),(6,452),(6,455),(7,414),(8,23),(8,72),(8,149),(8,204),(8,337),(9,53),(9,279),(10,244),(10,315),(10,343),(10,387),(11,116),(11,123),(11,346),(11,381),(11,438),(12,47),(12,183),(12,186),(12,188),(12,189),(12,194),(13,135),(13,397),(14,118),(14,244),(14,387),(14,416),(15,137),(15,149),(15,163),(15,273),(15,347),(15,370),(15,390),(15,488),(16,14),(16,72),(16,265),(16,336),(17,60),(17,97),(17,309),(17,418),(17,445),(18,68),(18,118),(18,404),(18,480),(19,6),(19,162),(19,185),(19,215),(19,225),(19,469),(20,10),(20,102),(20,178),(21,188),(21,416),(22,14),(22,95),(22,136),(22,141),(22,429),(23,2),(23,45),(23,324),(23,411),(24,27),(24,225),(24,387),(24,441),(25,227),(25,271),(25,281),(25,290),(25,344),(25,407),(26,308),(26,463),(27,14),(27,82),(28,215),(28,295),(29,13),(29,22),(29,212),(29,288),(29,351),(29,373),(30,363),(30,484),(31,49),(31,129),(32,46),(32,74),(32,113),(32,332),(32,477),(32,498),(33,58),(33,176),(33,232),(33,379),(33,396),(34,239),(34,425),(34,433),(35,110),(36,14),(36,39),(36,125),(36,316),(37,55),(37,81),(37,100),(37,324),(37,383),(38,95),(38,167),(38,347),(38,364),(38,413),(39,288),(39,435),(39,467),(40,37),(40,75),(40,118),(40,227),(40,321),(41,196),(41,236),(41,272),(41,403),(42,154),(43,131),(43,285),(43,446),(43,466),(44,1),(44,163),(44,411),(45,101),(45,243),(45,381),(46,300),(47,239),(47,243),(47,339),(48,25),(48,77),(48,309),(48,379),(49,29),(49,112),(49,308),(50,96),(50,342),(50,470),(51,221),(51,274),(51,376),(51,447),(51,453),(52,156),(52,484),(53,62),(53,283),(53,377),(53,408),(54,494),(55,157),(55,373),(56,190),(56,204),(56,219),(56,236),(56,347),(56,408),(57,170),(57,293),(57,452),(58,46),(58,247),(58,277),(58,294),(58,351),(58,413),(59,51),(59,68),(59,211),(59,345),(59,409),(60,6),(60,175),(61,64),(61,81),(61,99),(61,113),(61,181),(61,197),(61,303),(61,359),(62,78),(62,325),(62,342),(62,344),(63,41),(63,78),(63,168),(63,355),(63,499),(64,84),(64,170),(64,192),(64,194),(64,206),(64,403),(65,209),(65,283),(65,393),(66,23),(66,92),(66,121),(66,160),(66,193),(66,259),(66,354),(66,377),(66,470),(67,6),(67,249),(67,310),(67,380),(67,415),(67,485),(68,2),(68,26),(68,48),(68,378),(68,426),(69,61),(69,281),(69,282),(69,447),(69,462),(70,244),(70,311),(70,367),(71,23),(71,139),(71,225),(71,266),(71,336),(72,78),(72,170),(72,385),(72,470),(73,85),(73,94),(73,164),(73,297),(73,450),(73,452),(74,236),(74,308),(74,358),(75,88),(75,152),(75,220),(75,262),(75,312),(75,349),(75,488),(76,92),(76,468),(77,88),(77,173),(77,230),(77,331),(77,415),(77,452),(78,109),(78,356),(78,426),(79,64),(79,97),(79,165),(79,233),(79,417),(80,16),(80,25),(80,327),(80,377),(81,55),(81,128),(81,297),(81,396),(82,157),(82,235),(82,316),(83,7),(83,20),(83,67),(83,81),(83,185),(83,328),(83,333),(83,379),(83,435),(83,479),(84,129),(84,249),(84,306),(84,318),(84,330),(84,353),(85,60),(85,120),(85,189),(85,214),(85,364),(86,6),(86,10),(86,31),(86,307),(87,19),(87,450),(88,21),(88,109),(88,153),(88,260),(88,329),(88,337),(88,338),(90,27),(90,30),(91,17),(91,144),(91,172),(91,223),(91,328),(91,439),(91,488),(92,47),(92,305),(92,393),(92,463),(93,207),(93,258),(93,273),(93,300),(93,456),(93,484),(94,320),(94,353),(94,364),(95,6),(95,165),(95,184),(95,246),(95,257),(95,271),(96,41),(96,99),(96,167),(96,223),(96,271),(96,273),(96,363),(96,496),(97,24),(97,65),(98,58),(98,183),(98,253),(99,209),(100,1),(100,30),(100,219),(100,350),(100,415),(100,482),(101,92),(101,112),(101,361),(102,138),(103,61),(103,164),(103,188),(103,413),(103,414),(104,27),(104,399),(105,24),(105,34),(105,44),(105,53),(105,88),(105,407),(105,419),(105,472),(106,30),(106,186),(106,245),(106,493),(107,2),(107,62),(107,359),(107,445),(108,162),(108,276),(109,24),(109,97),(109,170),(109,180),(109,221),(109,366),(109,434),(110,95),(111,321),(111,347),(111,433),(111,440),(111,457),(112,31),(112,162),(112,261),(113,130),(113,251),(113,259),(113,306),(114,78),(114,328),(114,332),(114,363),(114,491),(115,85),(115,148),(115,185),(115,349),(115,362),(115,498),(116,105),(116,282),(116,372),(116,413),(116,456),(116,471),(116,477),(117,97),(117,180),(117,200),(117,272),(119,1),(119,395),(119,405),(120,174),(120,310),(121,2),(121,114),(121,205),(121,284),(121,316),(122,163),(122,376),(122,439),(122,467),(123,2),(123,25),(123,307),(123,346),(123,350),(123,479),(124,240),(124,296),(125,66),(125,120),(125,392),(125,435),(125,458),(125,472),(126,107),(126,144),(126,310),(126,333),(126,387),(126,465),(127,88),(127,456),(128,238),(129,147),(129,224),(129,303),(129,427),(130,51),(130,133),(130,372),(130,417),(130,462),(131,45),(131,60),(131,482),(132,213),(132,303),(132,365),(133,187),(133,289),(133,465),(133,492),(134,67),(134,74),(134,225),(134,388),(134,443),(135,272),(135,340),(136,244),(136,323),(136,468),(136,474),(137,105),(137,113),(137,286),(137,362),(137,368),(138,99),(138,265),(138,468),(138,498),(139,315),(139,322),(139,494),(140,11),(140,120),(140,269),(140,285),(140,433),(141,44),(141,100),(141,195),(142,318),(142,346),(142,490),(143,94),(143,405),(144,20),(144,102),(144,216),(144,471),(145,176),(145,244),(145,485),(146,116),(146,365),(147,43),(147,220),(148,176),(150,158),(150,164),(150,441),(151,107),(151,136),(152,393),(153,123),(153,475),(153,486),(154,16),(154,157),(154,162),(154,196),(154,232),(154,277),(155,99),(155,200),(155,202),(155,212),(155,419),(155,436),(155,441),(156,95),(156,105),(156,121),(156,138),(156,153),(156,157),(156,211),(156,260),(156,293),(156,375),(157,62),(157,158),(157,191),(157,234),(157,416),(157,461),(157,464),(158,311),(159,109),(159,110),(159,206),(159,327),(159,335),(159,344),(160,4),(160,69),(160,121),(160,368),(160,422),(160,492),(161,71),(161,96),(161,454),(162,70),(162,272),(162,438),(163,132),(163,181),(164,2),(164,24),(164,277),(164,369),(164,417),(164,426),(165,172),(165,210),(165,248),(165,439),(165,479),(166,1),(166,171),(166,202),(166,276),(166,460),(167,38),(167,52),(167,110),(167,305),(168,256),(168,474),(169,19),(169,67),(169,171),(169,309),(169,420),(169,448),(170,291),(170,373),(171,367),(172,45),(172,144),(172,152),(172,252),(172,469),(172,470),(173,179),(173,411),(174,5),(174,52),(174,122),(174,138),(174,242),(174,251),(174,342),(175,240),(175,403),(175,449),(175,486),(176,421),(176,428),(176,474),(177,184),(177,200),(177,250),(177,276),(177,287),(177,307),(177,377),(178,65),(178,229),(178,248),(178,254),(178,300),(179,33),(179,267),(179,307),(179,468),(180,214),(180,288),(180,289),(180,291),(180,436),(181,251),(181,285),(181,346),(182,257),(182,316),(182,397),(182,432),(182,448),(183,214),(183,259),(183,332),(183,378),(183,427),(184,76),(184,129),(184,361),(184,414),(185,27),(185,135),(185,174),(185,378),(186,57),(186,153),(186,163),(186,289),(186,499),(187,93),(187,286),(187,334),(187,354),(187,458),(188,350),(188,446),(189,43),(189,213),(189,359),(189,428),(190,49),(190,57),(190,60),(190,71),(190,98),(190,149),(191,1),(191,2),(191,120),(191,337),(192,18),(192,298),(192,480),(193,98),(193,155),(193,206),(193,289),(194,302),(194,393),(195,313),(195,409),(196,40),(196,93),(196,196),(196,218),(196,311),(197,97),(197,201),(197,293),(197,304),(197,387),(197,448),(198,52),(198,170),(198,468),(200,296),(200,444),(201,52),(201,68),(201,81),(201,138),(201,277),(201,326),(201,350),(201,493),(201,500),(202,30),(202,387),(202,418),(202,461),(203,33),(203,125),(203,291),(203,316),(204,71),(204,119),(204,281),(204,371),(204,373),(204,494),(205,22),(205,293),(205,343),(205,364),(205,386),(205,409),(206,75),(206,97),(206,140),(206,151),(206,282),(206,399),(206,444),(206,478),(206,498),(207,45),(207,84),(207,179),(207,231),(208,169),(208,177),(208,198),(208,268),(208,283),(208,288),(208,386),(209,147),(209,301),(209,326),(210,263),(210,348),(210,400),(210,443),(211,248),(211,299),(211,432),(211,486),(212,57),(212,86),(212,120),(212,229),(212,290),(212,424),(212,456),(213,31),(213,347),(214,68),(214,90),(215,77),(215,116),(215,191),(215,268),(215,369),(215,483),(216,332),(216,398),(216,439),(216,486),(217,60),(217,114),(217,159),(217,192),(217,212),(218,30),(218,148),(218,258),(218,263),(218,381),(219,7),(219,23),(219,35),(219,66),(219,106),(219,391),(220,17),(220,247),(220,248),(220,424),(221,69),(222,4),(222,23),(222,35),(222,252),(222,276),(222,327),(222,334),(222,494),(222,500),(223,166),(223,231),(223,262),(223,354),(224,41),(224,115),(224,183),(224,362),(224,433),(225,76),(225,230),(225,453),(225,481),(226,39),(226,161),(226,294),(227,44),(227,332),(228,14),(228,75),(228,316),(229,106),(229,361),(230,434),(230,435),(231,43),(231,237),(231,331),(231,479),(232,7),(232,114),(232,174),(232,291),(232,316),(233,86),(233,227),(233,469),(234,134),(234,294),(234,411),(234,457),(234,484),(235,75),(235,96),(235,474),(236,32),(236,70),(236,157),(236,171),(236,210),(237,39),(237,131),(237,141),(237,232),(237,234),(237,387),(238,38),(238,117),(238,300),(238,433),(239,109),(239,174),(239,496),(240,13),(240,131),(240,388),(240,483),(241,53),(241,106),(241,171),(241,254),(241,411),(242,62),(242,347),(242,409),(242,457),(243,331),(244,16),(244,73),(244,129),(244,223),(245,11),(245,53),(245,65),(245,228),(245,386),(245,408),(246,32),(246,69),(246,330),(247,348),(247,370),(247,460),(247,495),(250,43),(250,89),(250,127),(250,357),(251,94),(251,278),(251,324),(251,336),(251,337),(251,347),(251,477),(252,131),(252,302),(253,226),(253,291),(254,94),(254,406),(254,422),(254,492),(255,38),(255,297),(255,427),(256,155),(256,245),(256,278),(256,415),(257,56),(257,86),(257,107),(257,121),(257,125),(257,143),(257,213),(257,467),(258,37),(258,50),(258,96),(258,145),(258,193),(258,221),(258,225),(258,232),(258,269),(258,279),(258,384),(259,103),(259,168),(259,199),(260,20),(260,345),(260,399),(260,430),(260,473),(260,498),(261,144),(261,158),(262,120),(262,126),(262,191),(262,289),(262,404),(262,421),(263,119),(263,309),(263,418),(264,330),(265,130),(265,134),(265,381),(265,398),(265,422),(265,480),(266,334),(267,9),(267,92),(267,177),(267,214),(267,345),(268,441),(269,140),(269,348),(269,355),(269,430),(270,270),(270,348),(270,428),(270,445),(271,86),(271,161),(272,5),(272,237),(272,252),(272,363),(273,159),(273,261),(274,347),(274,370),(274,405),(275,77),(275,316),(276,16),(276,67),(276,120),(276,157),(276,376),(276,403),(276,418),(276,437),(277,146),(277,174),(277,318),(277,388),(278,10),(278,69),(278,92),(278,392),(278,481),(279,70),(279,136),(280,82),(280,381),(280,405),(280,446),(280,459),(281,58),(281,70),(281,194),(281,239),(282,281),(282,284),(282,421),(283,165),(283,197),(283,350),(283,352),(284,4),(284,65),(284,144),(284,256),(284,340),(284,463),(285,128),(285,347),(285,422),(286,52),(286,104),(286,136),(286,228),(286,317),(286,453),(286,480),(287,263),(287,310),(287,423),(288,72),(288,134),(288,139),(288,338),(288,395),(288,454),(288,489),(289,2),(289,72),(290,24),(291,212),(291,245),(292,218),(292,300),(292,312),(292,346),(293,99),(293,148),(293,318),(294,88),(294,115),(294,211),(294,223),(294,432),(294,448),(294,475),(294,485),(294,489),(295,36),(295,207),(295,308),(296,126),(297,321),(297,327),(298,319),(298,382),(299,214),(299,433),(300,30),(300,97),(300,121),(300,185),(300,220),(300,227),(301,126),(301,145),(301,296),(301,356),(302,221),(302,317),(302,439),(302,482),(302,486),(303,150),(303,246),(303,379),(304,155),(304,211),(304,380),(304,495),(305,100),(305,141),(306,111),(306,286),(306,392),(306,401),(306,489),(307,240),(307,338),(308,98),(308,104),(308,330),(308,456),(309,5),(309,31),(309,332),(309,398),(310,27),(310,261),(310,305),(310,324),(310,344),(311,45),(311,143),(311,202),(311,389),(312,13),(312,161),(312,168),(312,287),(312,329),(312,354),(312,369),(312,391),(312,434),(312,466),(313,133),(313,167),(313,178),(313,261),(313,366),(314,292),(315,223),(315,311),(315,358),(315,430),(316,302),(316,391),(317,117),(317,124),(317,189),(317,218),(317,323),(317,382),(317,401),(318,8),(318,143),(318,216),(318,248),(318,337),(318,427),(319,27),(319,168),(319,187),(319,226),(319,234),(319,264),(319,335),(319,364),(321,270),(321,376),(321,467),(322,143),(322,148),(322,150),(322,356),(322,373),(323,55),(323,100),(323,177),(323,313),(323,377),(323,468),(324,5),(324,20),(324,116),(324,168),(324,170),(324,269),(324,317),(324,439),(325,196),(325,235),(325,257),(325,265),(325,334),(325,397),(325,471),(326,86),(326,124),(326,158),(326,238),(326,272),(326,279),(327,68),(327,148),(327,341),(327,381),(327,391),(329,85),(329,272),(330,76),(330,288),(331,120),(331,142),(331,184),(331,306),(331,322),(331,378),(332,216),(332,261),(332,324),(332,358),(333,37),(334,15),(334,28),(334,109),(334,264),(334,480),(335,209),(335,340),(336,29),(336,40),(336,43),(336,167),(336,213),(336,464),(337,79),(337,107),(337,303),(337,374),(337,466),(338,78),(338,215),(338,384),(338,426),(338,456),(338,494),(339,25),(339,92),(339,167),(339,213),(339,365),(340,217),(340,317),(340,365),(341,133),(341,281),(341,351),(341,411),(341,479),(342,360),(342,417),(342,450),(343,87),(343,330),(343,394),(344,355),(344,445),(344,493),(345,82),(345,203),(345,442),(346,23),(346,27),(346,45),(347,26),(348,105),(348,356),(348,375),(348,377),(348,389),(349,99),(349,140),(349,251),(349,356),(349,416),(349,482),(350,74),(350,122),(350,196),(350,281),(350,287),(350,397),(351,36),(351,58),(351,104),(351,127),(351,262),(351,370),(351,418),(351,429),(352,176),(352,416),(352,424),(352,425),(353,312),(353,366),(353,433),(353,462),(354,32),(354,241),(354,294),(354,302),(354,366),(354,454),(354,474),(356,208),(356,362),(356,474),(357,110),(357,270),(358,58),(358,139),(359,219),(360,4),(360,129),(360,189),(360,328),(360,447),(361,53),(361,107),(361,199),(361,260),(361,335),(362,2),(362,72),(362,90),(362,155),(362,263),(362,319),(362,413),(362,429),(363,19),(363,114),(363,117),(363,348),(364,27),(364,32),(364,257),(366,252),(366,318),(366,459),(366,464),(367,234),(367,466),(368,95),(368,170),(368,254),(368,259),(368,380),(368,388),(368,476),(369,87),(369,167),(370,99),(370,287),(370,293),(370,343),(371,25),(371,129),(371,297),(371,411),(371,441),(372,62),(372,84),(372,110),(372,163),(372,178),(372,203),(372,237),(372,272),(372,339),(372,367),(373,154),(374,129),(374,394),(374,435),(375,90),(375,189),(375,223),(375,248),(375,327),(375,349),(375,353),(375,429),(376,328),(376,421),(376,445),(377,3),(377,128),(377,249),(377,445),(378,3),(378,42),(378,88),(378,175),(378,436),(378,482),(379,55),(379,58),(379,97),(379,115),(379,143),(379,163),(379,326),(380,19),(380,50),(380,114),(380,203),(381,164),(381,305),(382,5),(382,445),(383,277),(383,280),(383,319),(383,372),(383,489),(384,51),(384,103),(384,147),(384,477),(386,148),(386,376),(386,433),(387,89),(387,160),(387,239),(387,254),(388,55),(388,64),(388,205),(388,216),(388,221),(388,249),(388,294),(388,497),(389,188),(389,201),(389,274),(389,433),(390,260),(390,475),(391,19),(391,96),(391,267),(391,272),(392,22),(392,161),(392,253),(392,384),(392,454),(393,24),(393,50),(393,209),(393,361),(394,54),(394,369),(394,420),(395,12),(395,15),(395,183),(395,270),(395,438),(395,494),(396,128),(396,295),(396,364),(397,64),(397,146),(397,430),(397,452),(397,478),(397,491),(398,17),(398,60),(398,141),(398,241),(398,425),(398,473),(398,490),(399,234),(399,285),(399,425),(400,147),(400,213),(400,282),(401,139),(401,341),(401,407),(401,408),(402,196),(402,357),(402,457),(403,360),(403,434),(404,80),(404,97),(404,108),(404,189),(404,233),(404,493),(405,83),(405,106),(405,262),(405,344),(405,434),(406,25),(406,82),(406,198),(407,68),(407,87),(407,194),(407,328),(407,346),(408,11),(408,106),(408,198),(408,346),(409,274),(409,277),(409,350),(409,435),(410,31),(410,70),(410,114),(410,180),(410,264),(410,384),(410,439),(411,300),(411,472),(412,7),(412,28),(412,85),(412,230),(412,409),(413,174),(413,345),(413,368),(413,417),(413,430),(413,472),(414,59),(414,130),(414,170),(414,192),(414,211),(414,471),(415,203),(415,251),(415,324),(415,456),(415,461),(416,38),(416,408),(416,415),(416,468),(417,447),(417,471),(417,475),(418,69),(418,79),(418,315),(418,365),(418,496),(419,14),(419,89),(419,150),(419,163),(419,201),(419,224),(419,384),(420,319),(420,338),(421,152),(421,415),(422,20),(422,48),(422,335),(422,442),(423,35),(423,252),(423,487),(424,30),(424,147),(424,258),(424,348),(424,497),(425,115),(425,204),(425,208),(426,222),(426,317),(426,490),(427,213),(427,240),(427,426),(428,178),(428,183),(428,283),(428,359),(429,157),(429,164),(429,213),(429,313),(430,10),(430,64),(430,132),(430,271),(430,340),(430,392),(431,77),(431,209),(431,425),(432,97),(432,98),(432,143),(432,161),(432,204),(432,334),(432,345),(432,355),(433,9),(433,109),(433,383),(434,66),(434,261),(434,318),(434,431),(435,91),(435,157),(435,228),(435,338),(435,423),(435,437),(436,167),(436,168),(436,176),(436,341),(436,373),(436,406),(437,102),(437,107),(437,167),(437,417),(437,419),(438,13),(438,122),(438,459),(439,135),(440,15),(440,120),(440,196),(441,132),(441,135),(441,285),(441,442),(441,447),(442,181),(442,460),(443,157),(443,266),(443,318),(444,37),(444,42),(444,81),(444,113),(444,119),(444,327),(444,422),(444,448),(445,133),(445,253),(445,436),(446,31),(446,47),(446,261),(446,302),(446,411),(447,391),(448,63),(448,110),(448,120),(448,141),(448,191),(449,268),(449,279),(449,301),(449,337),(450,215),(450,295),(450,312),(451,175),(451,314),(451,319),(451,344),(451,367),(451,466),(452,17),(452,202),(452,328),(452,400),(452,446),(453,238),(453,357),(453,450),(454,57),(454,108),(454,149),(454,253),(454,306),(455,44),(455,94),(455,151),(455,194),(455,355),(456,20),(456,30),(456,54),(456,57),(456,268),(456,372),(456,477),(457,14),(457,62),(457,109),(458,194),(458,199),(458,224),(458,240),(459,3),(459,124),(459,245),(459,348),(460,18),(460,149),(460,380),(461,107),(461,426),(462,115),(462,299),(463,232),(463,314),(463,371),(464,75),(464,394),(465,17),(465,39),(465,104),(465,132),(465,147),(465,188),(465,203),(465,464),(466,260),(466,314),(467,202),(467,207),(467,219),(467,307),(468,88),(468,134),(468,300),(468,488),(469,186),(469,205),(469,254),(469,361),(470,35),(470,458),(471,115),(471,358),(471,414),(471,437),(471,473),(472,135),(472,443),(473,8),(473,217),(473,240),(474,136),(475,400),(475,465),(476,162),(476,257),(476,377),(476,428),(477,190),(477,223),(477,313),(477,331),(477,377),(477,386),(477,465),(478,161),(478,183),(478,273),(479,74),(479,189),(479,266),(479,279),(479,408),(480,117),(480,189),(480,229),(480,238),(480,471),(481,113),(481,133),(481,162),(481,223),(481,266),(481,412),(482,68),(482,408),(482,433),(483,18),(483,356),(483,395),(484,73),(484,112),(484,313),(484,315),(485,329),(485,352),(485,414),(486,147),(486,304),(486,357),(486,435),(487,5),(487,16),(487,50),(487,124),(487,129),(487,328),(487,496),(488,39),(488,192),(488,214),(488,243),(488,318),(488,335),(488,426),(489,145),(489,273),(489,375),(489,455),(490,32),(490,78),(490,148),(490,463),(491,46),(491,122),(491,135),(491,146),(492,220),(492,233),(492,240),(492,376),(492,409),(492,410),(493,235),(493,474),(494,222),(494,238),(495,206),(495,260),(495,271),(496,37),(496,94),(496,132),(496,190),(496,273),(496,356),(496,434),(497,17),(497,170),(497,272),(498,44),(498,99),(498,136),(498,379),(498,492),(498,493),(499,40),(499,44),(499,80),(499,238),(499,451);


--
-- Dumping data for table Score
--

INSERT INTO Score VALUES (1,2,'2000-06-17 04:41:32',60,4742),(1,26,'2010-01-09 23:18:06',64,1740),(1,37,'1991-02-04 07:02:02',11,1315),(1,42,'1999-02-14 17:25:31',40,2138),(1,55,'2000-04-18 21:11:36',21,2702),(2,2,'1984-08-10 20:17:27',5,3982),(2,8,'2011-10-18 12:32:21',7,4401),(2,23,'1987-04-21 02:43:15',68,4122),(2,26,'1987-04-16 01:28:04',89,4494),(2,28,'2014-08-12 11:27:04',94,3263),(2,34,'2003-08-21 13:03:43',92,3443),(2,37,'1989-08-12 23:10:53',31,2270),(2,68,'2000-11-18 13:45:40',90,455),(2,74,'2000-04-09 19:35:30',3,504),(3,18,'2017-02-27 02:03:35',91,3420),(3,76,'1995-09-25 13:22:03',84,886),(4,45,'2010-08-19 07:58:33',83,22),(4,68,'2010-10-01 12:25:22',32,1068),(4,74,'2017-11-26 23:11:50',94,1184),(5,12,'1998-08-17 13:25:58',87,1405),(5,13,'1989-11-22 07:18:13',7,662),(5,16,'1984-08-17 19:25:10',24,662),(5,71,'1997-09-17 23:28:31',26,4035),(6,8,'1991-09-09 06:37:59',79,34),(6,52,'2017-01-27 12:27:45',65,450),(6,75,'1987-10-06 20:32:33',12,2851),(7,36,'2006-10-24 18:30:20',50,2700),(7,61,'1996-07-20 05:27:30',39,3398),(7,62,'1990-09-16 00:34:56',22,3318),(8,4,'1983-03-05 08:31:30',56,1161),(8,25,'1985-06-25 11:43:08',21,601),(8,29,'1996-04-13 21:02:14',52,200),(8,71,'1987-02-01 06:05:15',69,3223),(9,53,'2008-03-22 04:56:01',55,3621),(9,77,'2004-05-07 20:54:25',82,2703),(10,11,'2006-04-05 11:39:22',75,652),(10,16,'1985-12-22 00:23:52',31,2433),(10,41,'2004-12-06 11:44:30',85,1408),(10,63,'1986-12-05 16:36:07',91,86),(11,57,'1995-08-09 14:45:27',43,4011),(11,59,'1992-04-25 07:58:07',89,4995),(12,17,'1998-05-27 09:04:21',90,949),(12,70,'2017-01-03 07:57:35',93,35),(13,53,'2003-11-24 00:49:47',71,2505),(13,76,'2015-09-09 08:21:54',6,317),(14,9,'2003-06-27 06:07:18',90,2790),(14,10,'2004-01-07 06:04:14',76,4338),(14,17,'1997-09-05 19:33:12',64,1806),(14,27,'1997-01-07 22:21:20',1,2897),(14,60,'1998-08-24 20:54:23',47,834),(14,64,'2011-04-10 05:41:36',45,4244),(14,72,'2006-05-04 16:43:13',24,4574),(14,78,'1999-12-21 14:10:29',100,4836),(15,49,'1999-04-24 13:27:33',46,4644),(15,55,'1991-04-09 16:46:53',57,1753),(15,60,'2007-11-18 13:26:16',27,3333),(16,22,'1993-04-18 05:04:07',87,997),(16,58,'2011-08-25 00:42:07',33,59),(16,59,'1984-02-07 14:53:49',94,26),(16,64,'1990-06-21 03:23:08',72,4164),(17,26,'1996-10-05 23:30:02',28,530),(17,67,'1992-08-05 05:35:22',95,4427),(18,5,'1999-08-07 01:02:24',86,2564),(18,14,'1986-05-01 16:54:49',97,2296),(18,30,'2011-08-22 10:42:48',98,281),(18,37,'1986-11-21 02:41:11',76,3270),(18,64,'2000-11-19 07:17:55',45,4174),(18,77,'2001-03-02 07:40:30',49,2483),(19,16,'2002-05-17 22:45:53',92,4627),(19,29,'1987-10-22 12:11:08',43,2924),(19,51,'1998-06-24 06:52:27',33,1115),(20,5,'2012-07-01 18:58:03',46,4089),(20,15,'2002-05-03 13:48:35',91,3561),(20,55,'2009-06-26 14:13:49',76,4710),(20,56,'2015-08-01 19:09:18',96,3712),(20,65,'2004-10-02 11:47:02',6,4586),(20,80,'2016-03-16 10:11:38',99,3842),(21,12,'2004-07-19 19:19:14',44,2635),(21,61,'2002-01-13 16:51:06',48,4174),(21,65,'1993-10-05 11:38:22',71,4671),(22,17,'2010-01-22 20:20:43',23,211),(22,62,'2006-02-22 22:30:40',1,988),(22,75,'2011-04-13 12:12:45',15,2899),(23,2,'2002-12-18 06:56:54',15,3629),(23,13,'1989-05-16 09:14:30',19,4238),(23,60,'1992-09-06 21:13:18',57,3982),(23,79,'1984-07-27 21:03:18',12,3025),(24,11,'2015-06-14 11:21:01',78,1587),(24,23,'2007-10-03 09:43:27',39,1456),(24,44,'1983-07-18 22:17:07',79,2801),(24,72,'2017-06-17 02:21:16',95,4540),(25,13,'2006-10-19 11:31:12',83,802),(25,24,'2010-12-06 18:56:35',35,3441),(25,26,'2016-05-13 10:09:04',76,104),(25,45,'1993-11-11 17:36:59',84,2189),(25,49,'2006-09-13 20:35:07',25,2263),(25,63,'1993-02-11 07:39:27',51,2077),(26,1,'2009-02-14 23:26:46',98,2747),(26,16,'2012-04-20 16:54:33',79,1154),(26,28,'1994-08-18 07:45:57',76,4735),(26,35,'1995-09-27 05:55:30',52,2546),(26,43,'1983-03-26 02:24:07',93,3945),(26,65,'1992-02-22 22:05:23',32,4737),(27,4,'2011-09-13 04:27:38',21,4020),(27,39,'1992-03-27 04:21:27',3,549),(27,51,'2000-06-26 10:47:00',39,626),(27,61,'2009-05-15 12:30:28',50,1256),(27,80,'1989-07-07 16:46:30',34,840),(28,27,'2007-03-13 17:39:27',85,3003),(29,8,'2010-02-11 17:48:12',29,513),(29,21,'1999-12-22 03:28:07',36,1875),(29,27,'1997-06-09 05:24:10',79,4481),(29,45,'2002-05-09 20:27:35',76,4618),(30,4,'1997-12-07 09:54:21',73,3467),(30,11,'2006-12-01 10:49:10',78,1361),(30,25,'2006-06-12 17:27:30',97,1869),(31,34,'1987-05-22 20:55:11',14,1255),(31,67,'2016-02-22 22:40:15',65,2634),(32,30,'1995-12-24 08:33:59',96,3423),(32,41,'1991-07-16 01:14:38',15,580),(32,44,'2013-01-04 22:23:17',49,3520),(32,55,'1983-07-18 23:25:35',92,4065),(33,3,'1984-08-23 07:49:59',62,4886),(33,45,'1990-04-16 06:33:38',61,3205),(33,70,'2010-10-05 23:13:04',67,4387),(33,76,'2013-05-03 22:48:35',60,2745),(34,19,'2016-09-26 04:15:44',79,3742),(34,29,'2005-05-07 07:14:35',44,4690),(34,38,'1988-04-02 00:06:33',82,1174),(34,51,'1992-02-08 03:57:10',45,1638),(35,31,'2008-06-19 02:38:28',29,4393),(36,23,'2008-10-13 06:34:57',64,3401),(37,5,'2006-03-02 04:49:32',61,2660),(37,16,'1994-03-23 04:12:25',46,264),(37,23,'2011-07-04 06:20:34',32,2849),(37,36,'2006-10-08 18:36:16',68,80),(37,41,'2001-12-15 08:01:25',96,4744),(37,77,'1997-06-11 02:02:57',65,2576),(38,10,'1989-06-19 03:59:48',40,504),(38,41,'2000-04-23 20:13:18',29,2164),(38,45,'1990-12-03 04:08:27',45,2374),(38,61,'1990-08-15 03:21:32',12,3034),(38,67,'1983-08-09 00:04:04',94,3335),(38,70,'2006-05-05 13:40:25',71,1859),(39,17,'2003-11-03 04:36:08',53,474),(39,24,'2014-06-22 18:52:05',37,1343),(39,34,'1987-04-11 23:50:29',29,3882),(40,3,'2002-05-03 14:11:36',10,1909),(40,17,'1999-11-13 18:09:24',86,4705),(40,24,'1995-06-01 12:06:27',42,95),(41,11,'1992-12-20 20:20:25',100,2048),(41,14,'2008-08-11 09:58:34',29,1772),(41,42,'1985-03-24 04:28:00',1,4994),(41,55,'1996-08-02 02:48:26',66,3334),(42,8,'1994-11-07 15:05:44',11,316),(42,33,'1994-01-17 20:51:46',10,649),(42,60,'2005-04-25 09:27:09',15,4511),(43,28,'2013-07-03 13:52:22',5,1722),(43,31,'2013-09-05 15:13:18',8,4508),(43,42,'1997-03-06 23:18:06',7,4035),(43,56,'2006-09-23 02:29:09',12,846),(43,61,'1986-10-25 12:26:24',9,4626),(44,28,'1995-07-13 02:00:08',39,3054),(44,31,'1984-08-24 11:01:11',97,1202),(44,67,'2006-10-21 22:07:14',2,4364),(44,69,'1999-03-04 21:28:04',62,4506),(44,78,'1999-10-08 06:40:16',21,905),(45,45,'1997-03-24 23:26:06',82,2547),(45,51,'2017-06-09 07:30:27',90,268),(46,13,'2017-12-26 14:36:18',20,1536),(46,47,'1987-05-20 22:27:58',47,1882),(46,54,'2003-01-17 02:05:18',39,1025),(46,67,'1991-08-08 23:17:06',8,1857),(47,4,'2013-07-22 17:33:42',96,1702),(47,20,'2003-07-27 22:50:56',80,4715),(47,62,'1992-04-08 06:40:08',39,719),(47,78,'2016-06-18 05:57:24',75,1988),(48,5,'1983-03-24 15:20:31',86,937),(48,23,'2006-01-24 02:32:31',49,4919),(48,30,'2013-07-25 21:33:38',42,3556),(48,79,'2012-06-08 16:24:54',54,1931),(49,1,'2006-09-14 00:49:59',86,982),(49,21,'1997-12-02 11:00:27',36,4233),(49,24,'1989-02-13 18:09:03',79,4912),(49,25,'1997-09-08 00:38:18',31,700),(49,35,'1987-12-11 02:42:11',48,4476),(49,80,'1996-11-27 05:04:53',1,4206),(50,17,'2007-04-05 07:43:23',58,1104),(50,18,'1984-10-24 19:56:57',73,4707),(50,65,'2005-03-19 14:31:38',34,2045),(50,67,'2000-01-21 18:48:46',89,2381),(51,31,'1995-03-11 02:14:47',25,35),(51,33,'2002-06-26 10:06:45',31,1695),(51,47,'1983-09-13 21:00:35',27,302),(51,57,'1991-03-03 10:46:50',46,1547),(52,50,'1999-12-04 02:45:00',94,4830),(53,1,'2003-02-21 01:02:54',18,3122),(53,3,'1990-02-09 21:11:04',91,2594),(53,8,'2002-04-18 03:59:42',23,4519),(53,28,'1983-10-11 01:29:13',56,552),(53,38,'2014-06-08 02:47:46',78,772),(53,42,'2010-01-06 22:50:59',94,3826),(53,53,'1985-06-04 05:18:27',52,3074),(53,57,'1999-06-17 04:32:58',92,812),(53,73,'1989-12-16 21:10:21',54,3296),(53,77,'1989-10-25 20:03:20',61,2144),(54,19,'1994-01-08 13:19:12',17,2961),(54,25,'2015-10-02 22:07:42',89,1395),(54,28,'2016-05-26 01:41:27',17,3006),(54,37,'2001-05-22 19:11:10',67,4629),(54,56,'1993-04-25 18:29:46',67,4290),(54,60,'2008-09-15 04:07:09',75,3994),(54,70,'2008-04-17 01:00:01',52,4060),(55,10,'1985-06-12 20:12:25',24,1058),(55,12,'1999-06-17 02:29:09',46,2896),(55,26,'2005-08-24 02:24:08',58,2236),(55,48,'1988-08-01 07:02:50',31,321),(55,54,'1985-04-17 21:47:03',97,1420),(56,11,'1989-11-19 11:17:20',39,158),(56,15,'1997-11-14 22:57:28',72,600),(56,23,'2006-03-27 06:07:48',57,1126),(56,61,'2015-08-03 11:39:15',72,3194),(56,62,'1994-07-13 03:32:47',53,235),(56,75,'2002-05-14 23:02:19',20,4710),(57,7,'1990-01-01 04:50:12',47,1813),(57,15,'1999-01-20 01:06:40',22,2745),(57,20,'1993-06-16 22:36:25',46,4584),(57,24,'1985-11-21 20:36:29',12,2024),(57,29,'2002-05-12 23:30:46',67,419),(57,30,'1986-02-22 05:33:43',100,1950),(57,53,'1984-01-26 12:14:26',61,3267),(58,38,'2012-10-17 13:31:41',100,4700),(58,59,'1999-07-26 12:25:22',7,3376),(58,64,'1998-07-22 19:01:30',21,333),(59,3,'1991-06-10 17:52:17',34,2195),(59,24,'2014-01-02 07:25:28',55,638),(59,56,'1987-04-04 02:10:02',38,2003),(59,65,'2014-09-15 05:43:54',52,261),(59,72,'2002-09-08 06:23:23',36,1883),(60,6,'2006-12-13 08:28:30',77,3831),(60,30,'1993-06-17 18:03:28',8,3546),(60,39,'1993-03-03 08:26:52',100,4952),(60,62,'1991-04-04 03:01:25',21,2167),(60,70,'2013-10-25 15:03:18',47,2192),(61,12,'2010-04-14 01:29:26',100,2618),(61,30,'1983-09-18 23:33:08',88,483),(61,35,'1994-12-07 03:46:11',51,2218),(61,37,'1999-07-25 16:48:10',96,566),(62,1,'2003-05-15 03:52:45',62,2573),(62,7,'2008-04-09 15:20:48',100,1757),(62,30,'1991-10-21 05:26:57',95,3210),(62,68,'1998-12-15 00:51:12',68,250),(63,21,'1988-08-26 16:13:05',6,42),(63,72,'2016-11-06 16:06:06',67,2843),(63,78,'2008-03-11 04:15:51',71,750),(64,22,'2007-07-19 11:01:51',53,578),(64,48,'1985-09-01 01:09:56',10,3529),(64,49,'2005-09-20 12:27:55',14,2809),(64,62,'1983-02-07 02:05:30',91,1307),(65,1,'1985-02-07 15:08:09',100,372),(65,14,'1994-08-17 19:08:08',61,1360),(65,32,'1984-07-16 08:20:54',61,1066),(65,50,'2013-01-13 18:29:19',14,4300),(65,75,'2008-02-05 03:45:17',46,4813),(66,12,'1987-03-01 09:14:09',86,322),(66,44,'2009-09-15 03:45:18',17,215),(66,49,'2002-06-15 11:04:06',82,60),(66,54,'2004-03-18 13:24:33',29,2406),(66,55,'1986-07-13 00:23:51',59,1551),(66,63,'2011-11-25 19:31:17',99,2391),(67,4,'2007-10-21 16:46:14',17,3756),(67,6,'1992-08-14 19:19:51',95,2455),(67,26,'2013-10-07 22:10:39',14,2588),(67,51,'1993-03-25 22:56:09',95,3633),(67,68,'2017-04-04 02:08:18',72,4127),(68,22,'2016-07-03 12:05:16',80,1658),(68,60,'1995-05-02 00:38:14',28,88),(68,65,'2004-02-05 01:54:52',60,2673),(68,76,'2010-10-05 10:56:28',96,3484),(69,7,'2014-06-02 15:32:29',38,4072),(69,31,'1994-11-21 10:22:09',61,823),(69,48,'2008-03-11 09:17:22',95,4353),(70,44,'1997-07-09 13:25:38',18,3486),(70,62,'1998-08-06 00:48:56',61,4063),(70,75,'2007-03-19 16:00:53',24,2881),(70,77,'1983-08-25 05:51:27',54,2513),(71,6,'1983-07-09 20:37:12',96,2152),(71,10,'1986-02-15 16:42:19',54,738),(71,16,'2017-06-13 10:38:23',72,2887),(71,43,'1990-01-26 11:51:38',67,4912),(71,71,'2008-02-03 22:44:22',52,1439),(72,1,'1985-01-20 01:10:50',45,1423),(72,6,'2001-03-21 20:12:27',34,1442),(72,40,'1984-08-03 15:05:44',2,958),(72,68,'2014-07-15 03:31:02',4,3453),(72,69,'1989-06-19 15:37:56',15,4811),(73,30,'2002-02-15 14:05:00',8,926),(73,45,'2007-08-24 00:44:13',50,636),(74,13,'2015-03-20 13:39:19',95,2512),(74,35,'2011-05-15 15:36:48',20,1079),(74,65,'1987-08-19 08:05:33',19,4515),(75,45,'2012-04-02 09:53:20',66,4124),(75,71,'1984-02-25 22:17:22',4,1729),(76,1,'2008-04-05 17:19:13',84,1423),(77,37,'2013-10-26 01:43:10',35,287),(77,39,'1999-12-18 04:58:20',95,4888),(77,48,'1995-09-10 13:59:19',4,740),(77,57,'2006-05-13 02:45:16',71,27),(78,16,'2017-03-15 00:45:09',5,1184),(78,61,'2010-06-09 13:07:00',53,3487),(79,19,'2001-02-26 09:53:20',64,3950),(79,25,'1997-05-08 14:52:43',53,4549),(79,55,'2001-05-15 23:11:32',80,4180),(80,3,'2012-06-26 04:10:23',88,3682),(80,12,'1983-10-20 03:27:50',95,3758),(80,65,'1987-04-20 07:33:02',49,439),(80,71,'2016-04-19 09:58:51',99,2811),(80,72,'2008-03-06 16:02:51',96,4511),(81,4,'2015-12-20 15:16:54',36,928),(81,75,'2013-03-13 02:52:04',66,3362),(81,79,'1994-09-12 14:48:14',11,224),(82,18,'2012-06-14 19:48:45',71,1583),(82,46,'1998-07-16 05:31:43',26,3913),(82,52,'1998-10-15 17:31:25',80,1416),(83,4,'1984-06-14 23:06:53',84,4306),(83,5,'2014-06-08 19:29:26',35,371),(83,13,'1989-03-21 04:09:34',68,3940),(83,16,'1989-11-14 03:27:52',50,71),(83,25,'1988-01-20 00:23:35',80,4700),(83,32,'1988-04-18 01:31:25',92,3626),(83,33,'2012-06-18 10:56:49',82,2278),(83,36,'2011-08-23 11:03:07',89,2987),(83,51,'2009-05-08 22:50:25',47,2811),(83,58,'2000-07-11 07:01:35',8,412),(84,4,'2010-08-26 21:10:33',6,261),(84,16,'1997-06-23 20:34:37',96,1235),(84,58,'1997-01-19 05:43:47',6,1649),(85,23,'2002-10-25 07:17:15',52,4051),(85,58,'2000-11-06 17:46:48',6,2837),(86,2,'1997-01-02 17:35:00',20,1155),(86,10,'1983-04-15 21:40:00',52,2656),(86,68,'1992-01-10 21:32:53',94,292),(87,14,'2011-03-15 01:32:39',17,4210),(87,49,'2012-04-09 07:12:03',40,685),(87,61,'1992-06-05 14:06:46',80,757),(87,63,'1988-11-23 06:45:55',52,3821),(87,67,'1993-11-11 12:04:06',12,1723),(88,12,'1995-07-12 21:23:08',7,670),(89,21,'1985-03-21 07:43:37',56,2259),(90,1,'2016-10-11 15:26:41',26,4040),(90,34,'2009-04-09 22:12:36',14,2339),(90,45,'2007-07-03 00:57:19',9,348),(90,75,'1984-07-03 06:27:09',46,718),(91,31,'2014-01-25 02:26:12',55,2935),(91,55,'2007-04-20 23:24:03',8,2913),(91,59,'2008-01-02 21:38:16',11,312),(91,68,'1995-02-02 14:08:01',46,4726),(92,47,'1984-04-07 06:45:18',37,4517),(92,67,'2001-10-08 20:09:13',94,4264),(93,13,'1989-08-18 10:03:12',26,2207),(93,20,'2000-11-04 02:39:34',71,3534),(94,24,'2003-08-07 15:15:43',96,2818),(94,31,'1984-11-09 02:20:50',25,4409),(94,38,'1993-04-16 15:44:52',24,4190),(94,39,'1999-06-05 18:44:47',85,1444),(94,52,'1995-01-16 23:19:58',24,950),(94,75,'1997-08-21 20:54:49',29,744),(95,7,'2002-10-19 10:31:54',23,4278),(95,9,'2017-01-16 01:34:23',2,1117),(95,31,'2014-07-23 02:12:45',96,4136),(95,60,'1987-11-12 13:42:43',71,335),(95,61,'1984-10-20 06:18:39',100,53),(96,19,'1994-11-07 07:30:17',57,3725),(96,26,'2011-05-11 16:10:19',66,3562),(96,27,'1995-11-19 16:56:06',27,1132),(97,7,'2017-08-25 13:02:50',25,2425),(97,26,'2001-10-01 03:11:35',62,851),(97,62,'1990-02-17 06:41:54',8,4243),(97,67,'1988-03-10 02:50:55',93,2129),(97,78,'2008-11-06 07:49:27',7,3346),(98,28,'2011-11-08 19:56:49',19,3942),(98,30,'1999-04-27 17:56:31',98,494),(98,46,'2001-06-05 01:23:36',7,4299),(99,29,'1997-06-20 15:44:43',55,3081),(99,70,'1996-08-15 22:36:01',18,1053),(100,38,'2012-05-13 08:51:05',27,4158),(100,39,'1988-01-08 13:12:43',49,2283),(100,48,'1997-04-20 12:49:52',55,2254),(100,73,'2017-02-10 16:14:26',8,3385),(101,13,'1987-05-10 06:09:01',3,4597),(102,1,'1992-03-26 10:47:50',16,1909),(102,26,'2003-08-23 18:46:56',15,52),(102,80,'2015-12-17 16:34:22',95,706),(103,10,'1994-10-18 05:44:25',8,361),(103,43,'2014-04-18 07:43:27',52,1685),(103,44,'1997-07-23 05:53:31',75,1090),(103,47,'1985-09-08 06:27:48',98,3206),(103,52,'2003-07-21 14:25:29',97,1372),(103,57,'1989-03-17 17:53:12',38,4061),(103,73,'1991-09-24 21:06:03',35,3412),(104,58,'2006-08-13 14:40:34',57,3298),(104,71,'1993-09-22 03:40:19',99,4127),(105,28,'1991-02-07 21:28:09',67,4479),(105,73,'2015-06-03 05:47:51',28,3273),(106,4,'2008-02-14 16:29:36',31,3066),(106,8,'1990-09-25 06:42:01',9,2672),(106,21,'1993-06-13 11:11:14',29,368),(106,46,'1987-01-18 18:02:55',4,4255),(106,65,'1984-08-27 04:23:59',17,1998),(106,80,'1994-05-18 12:49:44',92,4713),(107,33,'2004-03-19 00:37:44',44,447),(108,13,'1996-11-03 00:04:51',35,3939),(108,24,'2015-11-20 04:11:57',87,822),(108,25,'1996-08-26 19:33:42',37,3266),(108,43,'2008-05-18 02:18:03',15,1645),(108,65,'2003-10-03 05:35:28',17,3895),(108,69,'1998-11-08 14:37:01',98,3615),(108,73,'2013-04-10 11:25:00',82,26),(109,12,'2010-11-21 09:37:26',60,4932),(109,68,'2016-09-16 00:43:24',84,265),(109,70,'2005-10-24 01:54:09',63,3891),(109,71,'2017-03-02 19:24:08',91,4970),(109,74,'1984-11-17 16:04:18',27,1274),(109,75,'2005-12-22 18:15:29',81,1730),(109,76,'2004-07-17 07:26:54',71,2565),(110,16,'2015-02-20 10:59:42',64,3600),(110,56,'1985-07-01 14:33:16',34,3907),(110,64,'2010-09-14 18:26:26',75,2853),(110,77,'1999-11-26 20:02:11',58,4736),(111,27,'2015-09-21 18:37:33',57,261),(111,62,'1991-05-16 08:35:44',30,3457),(111,63,'1983-07-11 00:44:48',4,3859),(112,23,'2010-04-20 08:21:23',97,2032),(112,74,'2000-01-07 06:11:19',66,3021),(113,27,'1987-11-13 11:43:20',94,2211),(113,34,'1995-04-05 20:06:11',91,447),(113,49,'2007-10-08 04:49:55',37,2815),(113,66,'2001-08-11 14:26:55',87,3386),(113,73,'2013-09-22 22:02:25',23,3575),(113,77,'2002-11-13 14:31:16',76,3302),(114,4,'1996-03-24 02:13:31',88,1287),(114,8,'2009-02-01 02:08:14',88,2880),(114,42,'1999-09-24 05:19:04',75,2739),(114,52,'1986-12-10 15:01:56',63,3895),(114,68,'2015-01-22 02:26:22',30,4358),(115,2,'2006-12-18 10:50:21',28,4658),(115,7,'2006-06-06 16:14:40',34,3810),(115,26,'2006-05-27 03:50:22',70,3345),(116,13,'2005-12-13 11:52:29',8,287),(116,21,'1996-05-22 09:18:20',29,3655),(116,37,'2001-03-14 11:24:35',18,4814),(117,1,'1983-03-13 14:42:36',42,4667),(117,25,'2009-01-25 18:14:23',96,2392),(117,45,'1984-03-21 00:41:13',58,2166),(117,68,'2016-12-23 03:36:54',31,4236),(117,69,'1997-07-07 07:13:03',25,3762),(118,8,'1991-03-21 13:50:34',58,1223),(118,49,'2001-08-25 13:20:36',46,4958),(118,69,'1987-10-09 19:34:18',46,635),(118,73,'1999-09-02 01:34:18',5,675),(118,77,'1983-02-22 17:53:07',68,4731),(118,79,'2015-01-04 12:54:20',55,4574),(119,3,'1995-04-07 05:11:46',6,1400),(119,27,'2011-01-06 08:46:30',73,2796),(119,40,'2010-04-20 19:22:05',64,1849),(119,49,'1988-02-25 23:19:19',52,3428),(119,63,'2007-07-10 06:44:07',63,1975),(120,14,'1988-08-11 07:09:01',32,1989),(120,34,'1992-07-05 08:23:28',18,655),(120,51,'1994-09-08 01:57:47',94,1618),(120,71,'1996-05-24 11:49:30',87,1895),(121,4,'2012-10-27 10:34:57',14,274),(121,35,'1999-10-15 17:24:10',11,651),(121,47,'1987-02-20 05:55:33',79,192),(121,59,'1997-03-12 07:31:02',97,3215),(121,72,'2005-11-09 14:58:54',98,1154),(122,28,'2014-01-19 18:49:23',67,4722),(122,32,'1998-01-11 22:19:26',61,4253),(122,39,'1998-04-10 23:54:27',8,2922),(122,60,'2011-01-12 00:34:57',17,4220),(122,76,'1989-05-25 16:29:22',41,4976),(123,31,'2017-03-26 05:19:19',68,4366),(123,44,'2007-03-16 07:49:08',1,205),(123,78,'2003-05-16 08:02:45',74,3204),(123,80,'1984-03-25 21:29:36',31,3400),(124,10,'2012-09-10 08:36:56',51,3354),(124,45,'1988-07-04 04:23:44',88,3647),(124,58,'1988-01-04 17:01:23',40,4858),(125,27,'2007-12-27 13:39:02',17,2939),(125,36,'1997-04-23 22:44:34',7,4656),(125,67,'1992-02-14 23:34:26',42,4694),(125,76,'2012-04-14 12:26:21',1,2322),(126,2,'1992-12-27 21:35:05',96,2568),(126,15,'1986-10-06 06:09:32',38,2206),(126,26,'1987-12-04 21:13:57',99,4910),(126,27,'1985-02-21 00:16:59',51,2670),(127,8,'2005-11-27 07:29:06',32,3349),(127,23,'1988-04-22 15:42:02',76,2816),(127,45,'1999-07-08 22:59:10',37,4003),(127,46,'1984-02-19 09:08:57',68,2691),(127,54,'2010-08-19 21:53:58',64,3049),(127,79,'1995-08-03 21:31:12',37,3414),(128,47,'2014-04-21 02:13:43',15,167),(129,9,'2006-10-01 08:21:27',87,4727),(129,51,'2005-02-03 03:31:53',23,1795),(130,24,'1994-01-17 01:04:26',78,2256),(130,43,'2016-09-08 06:04:49',92,2851),(130,78,'1998-02-15 23:52:21',36,1063),(131,50,'1991-11-14 08:36:12',30,2172),(132,8,'2017-10-08 19:44:22',9,597),(132,10,'2001-10-17 02:55:43',40,2280),(132,32,'2002-06-08 09:47:55',9,1007),(132,42,'1983-09-11 20:20:20',56,2122),(132,45,'1988-11-03 07:21:29',7,349),(132,47,'2000-05-14 06:04:03',73,4094),(132,60,'2012-12-19 09:06:59',46,671),(132,66,'1990-12-07 18:11:26',40,3930),(132,67,'2015-11-02 14:02:52',75,2908),(132,69,'1990-04-19 13:46:47',9,1764),(132,74,'2003-07-27 08:33:49',44,3447),(133,70,'1994-07-15 10:14:44',15,1162),(133,71,'1995-11-02 10:10:06',88,4141),(133,73,'1983-01-09 23:26:16',18,2298),(133,77,'1997-11-18 10:37:04',5,677),(134,14,'2009-12-11 21:15:48',1,1382),(134,27,'1985-03-14 08:56:40',91,2693),(134,43,'2013-04-11 05:40:15',50,2792),(134,56,'2001-05-18 15:34:23',17,405),(135,35,'1991-04-12 04:52:23',63,1834),(135,53,'1984-09-06 03:58:10',4,3678),(135,66,'2002-02-27 10:09:30',86,581),(136,31,'2003-05-10 20:58:11',94,932),(136,55,'2001-09-24 00:04:19',61,4843),(136,74,'2013-10-25 07:23:38',62,1542),(137,36,'2006-06-11 09:59:04',33,1841),(137,37,'2003-07-03 15:12:32',44,3450),(137,44,'2003-08-20 13:36:11',17,3105),(138,11,'1986-01-16 14:46:10',17,1280),(138,12,'1985-01-20 13:18:26',46,87),(138,14,'1989-03-10 07:08:37',3,777),(138,43,'2012-03-15 10:13:12',62,4144),(138,49,'2003-11-19 19:07:33',3,2195),(139,6,'2012-02-26 09:27:50',42,654),(139,23,'2002-10-23 01:03:38',25,4250),(139,41,'2000-07-23 18:04:59',29,1941),(139,53,'2012-03-01 13:19:50',11,3359),(139,71,'1990-03-13 23:55:37',9,4373),(139,79,'1988-08-06 10:49:41',24,2134),(140,20,'1994-09-26 17:50:02',52,3882),(140,45,'2004-03-25 15:36:13',63,2160),(140,51,'2003-06-01 16:19:53',46,715),(141,4,'2002-12-07 20:37:06',88,257),(141,37,'1997-04-16 07:31:24',46,1213),(141,48,'1995-11-15 16:21:07',75,3809),(142,15,'1998-07-14 23:41:46',18,1180),(142,68,'2015-02-06 09:38:05',20,4924),(142,73,'1999-06-07 20:00:20',49,3176),(142,74,'2012-09-12 12:52:26',80,3086),(143,1,'1996-02-20 09:43:14',41,2003),(143,14,'1988-06-19 03:26:01',95,642),(143,37,'1996-10-21 12:29:06',3,2551),(143,56,'1993-03-19 14:11:07',14,2965),(144,16,'2009-06-19 03:00:02',46,2436),(144,35,'1999-05-18 05:06:28',72,123),(144,36,'2003-08-02 09:03:57',56,3714),(144,42,'2006-09-15 21:07:05',20,2091),(144,49,'2017-08-08 04:58:29',40,3633),(144,65,'1998-07-17 10:36:28',29,197),(144,66,'2011-12-15 01:36:54',93,1196),(144,79,'1997-03-22 22:53:14',47,2182),(145,19,'2007-10-20 07:05:01',75,3937),(145,22,'2003-09-20 00:58:08',25,2882),(145,42,'2010-09-27 18:20:50',16,2266),(145,69,'2016-01-21 12:26:12',38,3638),(145,70,'1985-10-17 23:02:15',17,2410),(145,72,'2004-06-18 09:49:57',9,3683),(146,15,'2008-05-12 03:57:32',57,4816),(146,26,'1990-10-14 13:31:54',84,3160),(146,31,'1988-06-05 05:57:34',94,656),(146,61,'2017-08-22 12:30:15',79,4470),(147,12,'2003-07-09 18:01:03',45,88),(147,13,'2011-04-14 15:28:04',93,3163),(147,16,'2004-12-20 00:42:32',90,746),(147,17,'2013-11-23 10:40:20',95,733),(147,25,'2007-12-26 12:43:39',38,1126),(147,34,'1991-11-23 21:18:48',82,3343),(147,48,'2015-11-13 04:04:10',41,614),(147,54,'2017-06-22 07:47:15',93,2260),(147,58,'2014-04-24 18:44:07',12,1273),(147,59,'1992-01-24 12:48:33',68,4618),(148,24,'1991-07-12 11:44:27',73,1928),(148,28,'1989-08-19 18:55:22',72,550),(148,34,'1992-08-08 11:59:45',51,2772),(148,41,'1993-05-02 01:38:22',86,4680),(149,5,'2006-04-22 05:16:34',8,2685),(149,6,'1986-04-08 12:37:11',74,3837),(149,10,'2012-05-22 03:20:40',27,1839),(149,37,'2005-04-19 00:00:57',27,511),(149,72,'2010-07-12 10:15:32',19,3643),(150,1,'2006-05-17 22:20:13',93,4548),(150,40,'2012-12-08 03:56:25',100,4866),(150,44,'1991-04-03 12:23:15',10,1850),(150,46,'2011-03-26 07:10:54',20,4351),(150,71,'2017-01-25 04:19:52',28,4780),(151,31,'2009-03-09 02:14:00',26,4039),(151,33,'1985-02-17 20:40:15',49,601),(151,35,'2013-07-02 08:31:57',19,2976),(151,40,'2008-12-06 09:06:39',60,1585),(151,60,'1987-04-11 09:03:49',73,222),(151,61,'2000-03-20 00:53:35',32,2230),(151,75,'1996-05-02 22:07:34',20,1626),(152,12,'2014-08-23 08:43:26',82,4615),(152,61,'2017-12-24 14:34:14',89,1762),(153,5,'2016-04-15 20:28:01',94,1138),(153,25,'1992-04-20 21:57:56',79,2015),(153,73,'2002-06-15 19:25:08',95,4533),(154,10,'1983-04-26 16:15:08',59,4819),(154,33,'1983-08-09 06:59:39',37,671),(154,39,'2016-10-25 20:57:56',51,3431),(154,44,'1993-06-22 23:51:20',99,4478),(154,66,'2005-01-15 11:27:10',65,2216),(154,68,'1993-04-23 05:39:59',95,2399),(155,17,'1984-09-12 11:45:12',57,1010),(155,37,'1985-01-05 10:01:15',46,3796),(155,40,'1996-03-05 11:46:40',93,2326),(155,50,'2016-02-12 04:10:58',57,101),(155,72,'2004-02-26 07:50:19',42,3286),(155,74,'2000-09-15 14:34:39',34,4948),(156,30,'1998-08-23 17:41:50',93,2309),(156,33,'2014-09-21 02:25:08',68,1880),(156,47,'1990-11-13 12:37:12',64,2359),(156,59,'2016-08-20 19:22:40',58,3189),(157,9,'2013-11-16 12:36:37',68,1123),(157,29,'2004-07-21 18:19:56',58,193),(157,41,'1983-02-24 02:38:38',60,1121),(157,52,'1987-06-16 12:19:34',90,616),(157,58,'1996-03-12 10:55:21',25,0),(157,64,'2006-07-21 09:04:19',38,4661),(158,5,'1999-09-03 19:52:01',21,3101),(158,17,'2000-04-26 12:47:14',98,80),(158,57,'1983-11-21 22:49:52',81,3527),(159,41,'2012-02-15 01:55:28',14,138),(159,66,'1993-11-09 21:33:38',11,4560),(159,72,'2012-03-11 16:22:53',40,4063),(160,59,'2017-02-09 09:34:14',90,3740),(161,6,'1995-03-19 03:26:46',2,3286),(161,8,'2010-10-09 03:16:31',19,2806),(161,16,'2012-07-21 05:32:04',14,41),(161,67,'1998-09-07 13:41:15',94,4620),(162,15,'1984-07-10 02:17:28',79,2830),(162,42,'1984-10-22 11:41:09',53,1632),(163,7,'1986-08-22 20:26:20',49,376),(163,29,'1986-12-02 07:44:51',84,58),(163,66,'1991-09-26 19:45:05',34,4324),(163,80,'1983-09-12 16:46:18',73,2658),(164,6,'2012-01-16 18:40:26',81,2690),(164,29,'1988-04-27 23:15:34',38,4818),(164,33,'2002-02-25 04:55:54',22,3686),(164,40,'2009-01-12 12:09:14',11,1408),(165,27,'2016-10-21 19:35:08',94,2000),(165,31,'2008-04-14 19:30:35',41,3293),(165,41,'2004-11-27 23:34:21',78,3629),(166,5,'1988-01-22 13:08:50',28,4401),(166,36,'1991-09-24 22:56:35',23,2977),(166,39,'1998-06-15 17:39:27',64,1491),(166,45,'1990-02-26 00:06:12',30,2244),(166,51,'2001-03-02 23:45:43',33,15),(167,48,'1996-08-02 03:45:13',79,2736),(167,50,'2008-08-21 04:22:18',23,4799),(167,51,'1987-05-02 23:16:40',97,1071),(167,75,'2005-03-19 02:04:42',94,2952),(168,15,'1984-08-03 02:41:21',6,4013),(168,17,'1995-02-12 00:42:53',76,3053),(168,36,'2000-05-13 23:31:39',66,4859),(168,56,'2006-10-05 20:27:45',76,205),(168,77,'1992-01-06 10:00:40',40,396),(169,8,'1999-10-05 01:30:47',46,2492),(169,9,'1983-12-07 04:33:13',47,3299),(169,20,'2012-01-04 06:27:33',59,4829),(169,26,'2009-01-01 03:38:16',91,2552),(169,48,'1999-11-04 17:33:31',13,1235),(170,17,'2006-10-21 19:37:54',36,4239),(170,18,'2002-12-18 04:52:39',33,4244),(170,48,'1983-11-02 11:15:13',32,4216),(171,8,'2004-08-05 19:33:21',70,1983),(171,15,'2017-01-18 16:17:59',48,2420),(171,34,'2003-01-09 02:31:35',46,2203),(171,39,'1996-06-08 21:22:25',90,4926),(171,48,'1996-11-08 13:21:55',95,2797),(171,73,'2010-10-01 18:18:48',100,751),(172,1,'2014-01-16 09:38:47',97,3374),(172,30,'2007-01-14 22:46:22',9,2235),(172,35,'2016-04-19 14:08:11',6,3991),(172,40,'2008-02-10 05:59:50',100,708),(172,70,'1989-09-08 10:52:52',89,2559),(172,75,'1989-01-05 17:43:39',2,2064),(173,11,'2007-09-22 11:41:24',34,3714),(173,16,'1998-10-23 14:50:26',39,1831),(173,69,'2002-12-02 00:07:26',84,76),(173,72,'1990-11-14 11:37:29',8,3708),(174,33,'2014-07-23 20:55:25',9,1835),(174,46,'2006-11-04 04:46:29',29,4583),(174,60,'1998-08-03 19:54:01',86,566),(174,66,'1992-01-23 23:02:43',21,1073),(174,67,'2002-03-12 13:34:30',82,708),(174,71,'1985-05-19 08:42:35',54,1817),(175,9,'2010-09-10 10:58:05',56,4053),(175,20,'2003-06-12 03:33:42',81,4635),(175,22,'1996-12-13 13:32:37',56,1287),(175,31,'2010-06-10 04:11:47',5,3485),(175,36,'2008-11-25 01:22:25',71,4044),(175,39,'1991-03-14 04:51:27',14,3577),(175,72,'1994-02-07 04:30:31',6,1346),(177,13,'1996-05-25 14:36:56',32,1355),(177,58,'2007-08-06 17:33:38',43,4604),(177,64,'2016-11-01 18:08:03',77,2141),(177,73,'1989-07-13 05:27:22',87,4616),(178,13,'1997-12-06 18:40:35',1,2045),(178,32,'1998-10-23 20:48:13',80,3242),(178,69,'1999-10-11 01:18:38',99,4936),(178,75,'1993-08-01 03:28:47',69,956),(179,7,'2006-01-04 07:31:17',91,422),(179,14,'1998-11-15 14:49:09',55,3569),(179,22,'1996-12-17 09:55:13',65,493),(179,59,'1985-06-01 21:37:51',49,535),(179,61,'2012-03-23 08:10:53',46,4956),(179,70,'1998-12-19 23:35:11',60,3917),(180,45,'1997-07-03 14:52:42',40,2575),(180,63,'2010-07-15 00:45:02',26,4174),(180,64,'2001-08-18 10:51:40',43,951),(180,67,'1989-02-14 00:28:00',24,1402),(181,23,'1999-11-13 20:15:04',23,2433),(181,40,'2000-01-21 03:53:15',70,3236),(181,44,'2001-11-18 02:04:24',1,4134),(181,49,'1989-10-11 14:37:34',6,4498),(181,61,'1991-02-23 08:51:55',12,2472),(182,5,'1991-10-20 07:16:38',80,4514),(182,49,'1990-09-20 20:36:39',98,2082),(182,62,'2009-12-09 06:43:40',47,4915),(183,4,'1999-02-22 19:14:26',13,4986),(183,25,'2006-03-20 17:45:56',57,631),(183,29,'1985-02-15 21:45:22',29,1548),(183,56,'2007-12-24 00:48:44',4,417),(184,26,'2006-11-24 11:49:40',36,3122),(184,27,'1996-06-02 12:58:50',91,3547),(184,31,'1993-03-20 17:00:32',40,253),(184,56,'2006-02-06 04:47:34',69,2111),(184,61,'2005-02-07 18:25:46',3,4360),(184,78,'1998-09-14 14:16:19',48,334),(185,14,'2015-02-07 23:13:28',52,3423),(185,21,'1988-08-10 07:20:45',31,4793),(185,23,'2014-08-17 14:17:08',28,1509),(185,48,'2003-07-07 16:22:54',46,222),(185,50,'2011-01-27 11:29:43',59,4266),(186,29,'1986-09-11 02:56:03',62,2458),(186,44,'1983-07-02 21:36:11',62,2187),(186,54,'1989-08-02 12:39:09',37,992),(186,71,'1987-10-24 23:38:32',95,75),(187,42,'2000-09-17 11:36:46',100,2295),(187,70,'1983-03-01 02:57:54',81,4883),(187,78,'2005-05-16 17:51:15',97,4824),(188,6,'2008-01-11 18:45:52',20,4075),(188,24,'2006-01-10 00:44:13',28,3890),(188,29,'1983-07-18 12:24:55',3,2144),(188,44,'1998-03-13 07:40:45',85,3215),(188,46,'1990-12-23 15:39:42',80,2175),(188,57,'1999-10-07 05:04:31',11,1472),(189,9,'1994-04-22 18:44:57',34,605),(189,18,'2012-02-27 22:34:37',63,1382),(189,21,'2009-04-05 05:35:43',24,1051),(189,57,'2004-04-15 17:30:48',53,599),(189,77,'2005-01-19 05:18:14',100,1100),(190,14,'2002-10-18 14:39:56',43,2742),(190,59,'1983-01-20 10:35:21',72,2424),(190,62,'1996-11-17 07:28:18',92,3372),(191,28,'2001-11-18 00:18:36',63,884),(192,11,'1988-04-15 12:25:09',22,3813),(192,16,'1990-02-18 07:56:05',17,4818),(192,33,'2017-03-11 06:29:11',93,3253),(192,68,'1997-03-16 22:35:30',48,3972),(192,74,'1989-03-03 20:05:27',23,397),(193,44,'2014-01-01 18:16:40',10,3958),(193,48,'2002-05-17 11:43:36',81,398),(193,57,'1990-12-02 07:45:11',56,4612),(193,66,'2008-12-17 18:02:29',19,1941),(193,74,'2013-01-06 07:33:34',58,4658),(194,34,'1984-10-01 05:16:39',8,2411),(194,65,'2012-02-11 15:31:52',25,939),(194,71,'1986-12-17 19:41:12',62,1418),(195,14,'2011-12-16 07:55:03',6,4093),(195,15,'2010-11-03 10:39:27',60,2731),(195,18,'2004-03-12 12:35:00',34,1966),(195,35,'2012-08-15 06:19:25',86,587),(195,36,'2004-06-14 18:32:43',1,3934),(195,54,'2016-05-11 21:56:36',59,3676),(195,55,'2013-05-05 16:23:12',62,860),(196,30,'2010-12-15 03:44:21',85,404),(196,61,'2004-11-21 15:19:10',76,4814),(196,67,'1987-05-23 11:00:36',10,2656),(196,72,'1985-11-01 19:37:54',81,2243),(196,80,'2005-06-03 17:34:20',38,2348),(197,37,'2008-11-13 13:10:04',34,4983),(197,41,'2005-02-21 07:34:39',89,3821),(197,60,'1984-04-08 07:06:16',35,1535),(197,78,'2000-08-05 18:13:20',26,497),(198,2,'1998-08-24 03:06:21',51,3098),(198,23,'2017-02-10 08:55:22',98,4379),(198,51,'1994-01-03 14:42:29',19,337),(198,73,'2008-06-21 02:13:02',42,3950),(199,3,'1989-09-25 10:51:06',99,734),(199,4,'2001-01-26 23:15:16',69,3633),(199,12,'2007-11-10 12:54:02',72,142),(199,32,'2010-10-15 21:16:10',49,2554),(199,43,'2001-04-11 08:35:21',32,3637),(199,58,'2011-09-05 14:11:17',81,4256),(200,15,'2007-05-25 02:25:13',61,3887),(200,27,'2009-05-10 11:30:31',65,4),(200,48,'1998-11-16 04:12:57',52,4696),(200,52,'2013-06-16 11:14:25',42,808),(200,55,'1987-05-26 11:57:49',10,3388),(201,10,'2000-07-03 07:46:34',18,4753),(201,39,'2014-05-27 07:27:15',93,2671),(201,54,'1996-02-20 09:25:52',60,4265),(201,60,'2005-09-04 21:15:11',13,3549),(201,62,'1988-05-25 15:28:39',50,3138),(202,18,'2015-05-17 13:45:59',16,2123),(202,22,'2005-03-16 18:31:13',37,1094),(202,49,'1998-08-13 05:37:54',4,2059),(202,71,'2003-06-22 03:16:32',23,1288),(202,78,'2002-08-02 08:31:11',2,676),(203,3,'2013-11-19 16:32:58',39,3477),(203,45,'1983-05-20 05:46:14',79,1536),(203,47,'2009-08-27 16:21:47',49,4754),(203,63,'2014-03-10 17:08:00',79,4931),(203,70,'2008-02-12 01:08:09',12,2665),(204,32,'1995-06-17 20:14:19',37,3185),(205,2,'2008-04-25 06:27:25',82,1213),(205,4,'1983-02-11 17:09:26',11,2826),(205,20,'1987-08-14 07:53:12',19,1715),(205,42,'2004-01-17 14:45:35',32,1166),(205,55,'2011-07-20 04:28:01',82,240),(205,56,'1987-12-17 15:25:36',88,3945),(205,68,'2008-08-18 11:16:25',40,4723),(205,69,'1986-10-11 06:03:45',91,623),(206,17,'1993-05-09 00:58:15',31,1096),(206,39,'1984-06-14 14:16:10',71,4866),(206,47,'1992-02-25 13:50:19',98,1496),(207,8,'1988-07-04 04:54:44',40,2766),(207,15,'1987-12-10 08:42:11',82,1512),(207,59,'2001-05-04 08:43:18',23,1068),(208,2,'2000-12-14 03:43:47',88,130),(208,20,'2009-06-01 21:54:27',40,487),(208,36,'2015-10-18 05:28:41',39,4487),(208,41,'1996-01-21 17:30:19',87,2137),(208,51,'1986-05-19 00:07:46',9,179),(208,55,'2008-01-21 07:19:19',77,1083),(209,26,'1994-10-05 03:37:50',71,198),(209,31,'1996-12-25 23:46:53',83,1729),(209,39,'2001-10-03 00:56:21',87,75),(209,80,'2000-03-24 15:02:21',53,2630),(210,61,'2007-02-13 07:48:54',98,2398),(211,59,'1985-06-12 21:10:02',10,2043),(212,15,'2006-02-03 01:11:09',9,3108),(212,27,'2004-02-13 14:14:50',9,1755),(212,76,'2006-07-19 09:19:11',4,669),(213,19,'2015-05-21 04:45:24',12,1411),(214,5,'2011-03-19 12:22:29',98,481),(214,14,'2014-01-27 14:43:58',41,2456),(214,77,'1998-03-22 02:50:36',45,717),(215,43,'1994-02-04 17:47:43',64,1245),(215,65,'2004-09-24 14:22:36',88,4663),(215,76,'1995-12-03 11:13:46',69,374),(216,39,'2003-11-04 02:13:23',64,2354),(216,58,'1985-06-04 23:45:24',28,4496),(217,9,'1984-03-06 04:23:15',80,4523),(217,20,'1985-05-10 06:14:32',46,3122),(217,22,'1986-09-13 08:02:51',87,1662),(217,47,'1999-01-01 10:03:04',70,1825),(217,65,'1992-12-14 21:56:26',58,4257),(217,75,'2011-06-02 04:36:20',25,3576),(218,14,'1989-01-25 12:26:19',6,3162),(218,41,'1989-10-19 14:15:36',12,2597),(218,75,'2015-03-06 17:31:56',14,1),(218,78,'2000-03-23 01:54:27',34,725),(218,80,'2000-02-04 23:30:16',99,2380),(219,10,'2005-10-07 18:49:55',27,702),(220,10,'2013-11-03 18:07:39',26,693),(220,16,'2004-04-09 02:39:06',27,2592),(220,25,'2008-12-24 23:40:13',4,3080),(220,28,'2012-03-13 10:30:34',22,4605),(220,34,'1986-04-20 12:47:43',77,2212),(220,80,'1983-09-06 13:05:16',46,2278),(221,9,'2005-09-20 22:06:22',56,3246),(221,31,'1995-01-22 08:41:51',68,2352),(221,33,'2002-11-24 01:00:55',67,1736),(221,67,'2012-03-13 22:59:03',78,3201),(221,70,'1995-05-08 02:10:13',88,3142),(222,61,'1987-10-05 05:37:49',80,1344),(222,66,'1998-11-15 22:38:46',10,4209),(223,33,'2010-12-10 05:02:27',42,4243),(223,44,'1995-04-15 15:02:52',15,1379),(223,50,'1986-02-19 18:00:58',82,2467),(223,52,'2009-05-21 07:32:22',23,2904),(223,68,'1983-11-23 22:10:14',72,2929),(223,75,'1987-01-15 22:27:35',12,1365),(223,78,'1990-04-24 05:01:41',68,2389),(224,23,'2007-11-09 19:51:12',68,2791),(224,65,'2004-06-12 05:48:39',36,103),(224,66,'2017-05-07 04:40:32',92,1398),(224,68,'1983-09-02 21:53:07',12,222),(224,71,'2001-04-16 12:05:11',17,928),(225,27,'1988-06-27 09:31:28',77,4601),(225,50,'2003-02-23 15:33:56',18,898),(225,69,'1997-09-13 02:29:21',77,2986),(225,80,'1983-07-13 16:38:00',40,1955),(226,12,'2010-03-25 17:32:53',48,1749),(226,13,'1987-05-22 03:02:53',20,4682),(226,73,'1999-08-23 15:08:21',63,2605),(226,80,'1989-10-20 13:27:18',16,3481),(227,5,'2003-04-03 14:56:30',58,2030),(227,33,'2006-01-24 06:00:11',72,4033),(227,44,'1989-12-02 21:41:47',16,3857),(227,48,'2003-09-19 22:22:01',12,993),(227,60,'1992-02-23 10:18:25',60,4955),(227,71,'2001-07-03 18:28:10',78,1572),(228,17,'1986-03-26 05:16:24',29,1742),(228,29,'2013-12-03 12:59:14',57,457),(228,68,'1983-10-06 22:49:37',94,2546),(228,75,'1986-04-10 10:50:33',59,2125),(229,12,'1985-10-25 18:22:35',75,1155),(229,71,'1993-04-24 19:22:38',72,4023),(230,13,'2011-08-10 04:57:30',51,3346),(230,23,'1990-02-14 21:01:02',30,2467),(230,44,'2001-07-19 21:04:40',66,1812),(231,43,'1992-05-14 11:37:13',6,4001),(231,48,'1985-06-06 06:13:06',8,2143),(231,55,'2000-12-04 04:29:30',54,227),(232,67,'1987-08-18 16:13:09',42,4043),(232,69,'1997-10-20 03:17:27',22,4506),(232,76,'1994-08-12 17:57:57',16,3493),(233,40,'2003-11-22 18:44:06',77,2205),(233,66,'1985-10-10 18:34:20',55,4135),(234,7,'1989-02-10 10:40:17',66,1054),(234,13,'2003-03-16 07:26:01',91,4356),(234,16,'1999-02-11 03:20:55',89,3160),(234,37,'2017-05-06 23:24:44',19,2172),(234,44,'1996-02-06 11:28:06',84,2567),(234,47,'1990-05-01 07:50:52',25,3039),(234,51,'1994-09-11 05:04:43',52,3261),(234,77,'2002-03-26 04:05:58',80,3194),(235,30,'1996-06-15 22:33:44',21,2933),(235,34,'2011-05-26 19:29:41',20,948),(235,36,'2001-09-24 11:35:13',39,258),(235,39,'2000-01-16 22:33:35',4,4069),(235,78,'1988-02-13 15:21:27',20,3958),(236,14,'2003-01-03 07:18:13',66,3289),(236,37,'2016-04-25 18:21:58',60,2785),(236,70,'2017-03-25 05:43:52',95,4798),(237,25,'2005-05-08 09:03:00',47,4861),(237,46,'1987-11-27 06:42:00',92,1045),(238,12,'2010-07-09 03:53:49',22,4661),(238,53,'2002-12-20 21:16:43',63,1413),(238,56,'2016-10-27 14:15:50',14,1740),(238,72,'2011-10-10 17:43:17',59,4446),(239,7,'2008-10-12 01:54:27',22,324),(239,29,'2006-04-13 06:49:52',14,2354),(239,34,'1997-08-07 06:19:32',85,3672),(239,36,'1992-06-15 04:44:58',44,3517),(239,43,'1991-12-18 15:11:19',91,4280),(239,66,'1985-02-10 02:15:55',72,3638),(239,74,'1989-02-18 03:31:13',7,2640),(239,76,'2000-02-20 02:04:16',93,1091),(240,17,'1998-05-24 01:17:19',40,1222),(240,41,'2002-08-03 09:48:41',96,2244),(240,70,'1985-02-02 13:57:05',17,2194),(240,74,'2005-03-21 21:02:49',65,1526),(241,14,'1993-01-07 10:23:32',26,804),(241,35,'1984-05-21 06:21:50',41,1432),(241,75,'2000-11-16 17:16:59',79,2941),(242,59,'2004-03-18 13:36:59',48,4692),(242,66,'2016-01-21 21:05:42',80,4568),(242,78,'2000-12-01 14:13:04',14,4455),(243,34,'2014-07-06 23:10:37',47,3097),(243,44,'1995-11-04 07:56:02',80,4012),(243,56,'1999-03-13 04:22:37',5,2945),(243,59,'1994-01-15 00:36:08',89,186),(243,63,'2000-03-25 19:40:23',86,2783),(243,78,'2004-08-08 08:15:36',12,958),(244,22,'1993-06-17 02:18:23',26,2154),(244,32,'2010-11-20 06:49:05',23,379),(244,40,'1999-03-01 04:10:12',61,459),(244,51,'1993-02-25 23:53:00',52,1229),(245,19,'2011-08-21 23:36:25',71,4348),(245,33,'1992-12-23 20:55:28',52,2545),(245,34,'1993-08-23 22:43:34',2,4571),(245,43,'2005-06-08 16:35:49',77,1548),(245,44,'1994-10-10 18:36:21',92,3489),(245,48,'2011-10-11 10:02:41',79,4519),(245,55,'2006-05-17 22:29:57',72,1121),(245,61,'2004-11-10 03:31:34',77,2904),(246,11,'2003-10-03 16:05:08',61,4315),(246,15,'1987-01-26 00:10:56',53,3623),(246,21,'1990-10-08 02:12:50',69,4974),(246,49,'2006-05-22 14:08:09',58,2920),(246,71,'2016-10-04 08:57:05',99,4713),(247,17,'2006-10-08 16:40:03',88,311),(247,37,'2015-01-01 06:58:24',89,1980),(247,40,'1986-02-22 14:10:25',8,3923),(247,57,'1984-03-19 09:48:31',39,4233),(247,76,'1992-11-23 10:23:48',99,1210),(248,53,'1992-03-16 11:00:22',54,197),(248,64,'1998-06-07 15:29:10',70,4893),(248,76,'1986-11-12 21:23:13',57,4662),(249,2,'1985-11-22 10:41:56',82,4011),(249,13,'1999-05-18 17:26:08',79,3094),(249,56,'1984-02-15 02:06:05',51,2636),(249,59,'1992-01-09 22:21:25',80,249),(250,2,'1992-08-26 06:04:40',62,4806),(250,9,'2005-12-04 22:07:20',100,3999),(250,19,'2006-03-14 22:12:11',67,2883),(250,27,'1995-10-07 20:40:24',95,4174),(250,49,'2005-12-12 03:12:07',45,11),(250,50,'2000-06-08 14:37:14',91,3535),(251,2,'2001-08-08 05:13:19',74,4033),(251,58,'2015-03-20 05:57:58',77,4133),(251,71,'1999-07-21 01:14:15',2,2872),(252,1,'2000-09-13 15:52:32',77,3909),(252,23,'1998-03-20 02:46:34',19,4972),(252,79,'2000-07-04 15:03:21',11,1247),(253,12,'2002-08-23 18:03:20',34,531),(253,59,'1987-12-10 10:18:57',7,1168),(253,60,'2003-09-12 05:21:38',92,2498),(254,62,'2016-06-05 19:06:04',76,1879),(254,75,'1987-09-26 08:29:56',92,3401),(255,8,'2009-02-22 15:33:53',23,3331),(255,32,'2014-09-18 02:37:36',8,489),(255,40,'2013-05-11 02:04:15',66,4007),(255,61,'1999-08-15 16:15:10',91,3242),(255,64,'1988-07-08 06:51:07',58,3138),(255,67,'2013-03-11 17:02:04',20,252),(256,35,'1988-11-20 17:46:23',77,1772),(256,42,'2015-12-15 18:34:00',78,2236),(256,77,'1994-12-16 18:32:27',81,2998),(257,25,'2017-03-27 01:27:18',13,3862),(257,33,'1993-09-03 17:04:34',53,3856),(257,35,'2004-01-17 12:43:17',100,172),(257,38,'2011-08-06 10:13:08',99,3348),(257,72,'1991-12-14 05:22:32',62,4020),(258,18,'2017-03-02 12:52:45',73,4833),(259,19,'2009-01-01 19:22:27',73,4127),(259,61,'1994-04-20 03:59:31',19,4018),(260,69,'1994-09-02 03:45:19',89,2306),(261,9,'2002-05-16 00:47:50',81,8),(261,51,'1994-03-10 20:29:21',77,2589),(261,56,'2010-06-27 10:41:57',57,1260),(262,28,'1983-11-19 06:35:26',59,2252),(262,66,'2008-12-05 04:02:39',76,2457),(262,77,'2011-09-07 21:37:09',7,3710),(263,5,'1992-03-16 14:33:15',99,2602),(263,25,'1996-12-17 05:47:58',29,3772),(263,47,'2007-07-19 21:56:32',93,2496),(263,65,'2012-10-15 08:46:45',53,882),(264,25,'2006-03-08 10:52:30',28,3371),(264,55,'2001-10-14 18:23:00',75,4687),(264,56,'1990-08-07 04:35:56',42,46),(264,63,'1991-02-24 14:03:58',3,1143),(265,7,'2016-01-19 04:52:28',56,2867),(265,44,'2006-02-09 17:29:39',66,830),(266,74,'2003-10-01 16:10:45',93,2999),(267,21,'2015-12-11 18:25:01',56,3586),(267,24,'1989-04-27 01:40:02',37,4673),(267,60,'2003-03-22 04:35:06',51,797),(267,65,'2012-05-15 05:31:45',47,1305),(267,69,'2008-01-01 05:17:45',81,742),(268,1,'2008-12-14 07:26:40',34,1631),(268,2,'2004-09-16 03:34:05',18,115),(268,14,'2003-09-18 19:44:32',23,2480),(268,16,'2012-09-09 20:35:19',64,249),(268,19,'2016-02-10 03:59:24',62,1217),(268,66,'2003-12-09 19:35:24',5,4335),(268,67,'2001-04-06 11:16:36',37,3214),(268,75,'1994-03-27 12:51:10',77,385),(269,37,'2011-03-10 19:12:58',86,4583),(269,46,'1994-10-17 12:30:03',14,267),(269,58,'1993-06-17 00:02:28',4,2219),(269,60,'1986-03-27 00:06:59',74,1979),(269,79,'2003-07-24 15:54:30',18,1966),(270,17,'1996-04-08 02:10:13',43,735),(270,44,'1984-06-04 12:55:09',39,3728),(270,52,'2008-06-08 19:49:49',64,1123),(271,2,'2000-10-23 11:24:06',63,4907),(271,14,'2000-07-19 08:10:34',51,3211),(271,27,'1992-08-15 20:43:16',22,996),(271,41,'2002-07-12 21:12:24',64,3461),(271,55,'1998-02-14 00:28:19',50,1324),(272,24,'2013-09-14 15:29:19',14,1946),(272,54,'1990-03-12 17:56:56',65,3552),(272,73,'1994-02-24 15:28:34',1,1698),(273,17,'1992-05-27 06:24:50',96,236),(273,19,'2003-08-03 23:46:06',40,3594),(273,21,'1983-12-22 04:11:49',74,3748),(273,33,'2005-10-06 05:34:23',88,3695),(273,59,'2006-12-17 13:11:45',95,1038),(273,62,'1994-01-06 04:03:33',25,2933),(275,10,'2017-07-05 02:16:28',98,2796),(275,55,'1988-04-03 09:52:54',86,1899),(276,10,'1995-12-25 06:01:23',20,3433),(276,13,'1993-01-20 14:32:48',68,2941),(277,45,'2016-11-15 06:42:05',52,3218),(277,53,'1986-01-08 09:06:54',97,4074),(277,60,'1993-10-09 23:25:41',81,3513),(278,12,'1990-02-21 03:01:51',38,2504),(278,64,'2011-09-02 18:37:36',93,2553),(279,11,'2016-10-19 07:36:18',56,1607),(279,26,'1987-03-10 01:29:25',94,2780),(279,29,'1996-04-27 18:32:57',87,2820),(279,53,'1993-11-26 04:17:28',13,3765),(280,36,'1998-09-26 13:39:38',46,794),(280,52,'2013-09-23 09:06:00',80,1221),(280,56,'1989-05-23 15:15:17',69,1638),(280,60,'2007-05-17 04:26:38',69,3603),(280,75,'2000-12-06 11:02:26',53,154),(280,78,'1987-01-18 05:35:39',66,1066),(281,3,'1990-02-07 20:49:33',28,2894),(281,4,'2011-02-15 16:04:44',58,3512),(281,19,'2008-09-18 02:58:13',71,3229),(281,20,'1993-07-02 02:00:57',15,2073),(281,55,'2002-12-07 22:14:57',6,1581),(281,65,'1987-12-05 23:48:25',58,4655),(282,22,'1998-07-13 00:35:26',65,344),(282,44,'1983-03-16 14:16:25',87,4939),(283,36,'2011-04-04 14:45:52',3,4209),(283,37,'1989-07-19 11:08:28',80,4151),(284,29,'1996-06-06 04:51:38',7,2565),(284,42,'2008-02-22 14:11:59',41,4481),(285,10,'2013-06-12 14:21:41',21,1841),(285,29,'2003-08-22 06:54:16',2,3169),(285,52,'2010-07-05 21:49:28',46,3011),(285,64,'2005-05-07 23:50:02',78,3437),(286,13,'1983-04-10 16:15:12',85,2540),(286,16,'2010-01-14 05:03:21',93,3446),(286,25,'1988-12-11 21:56:25',17,4074),(286,30,'2016-05-16 09:53:56',74,1987),(286,53,'2008-12-22 13:50:41',55,1761),(287,43,'2002-04-06 04:59:55',84,2820),(287,58,'1985-12-16 02:10:58',59,2746),(287,77,'1994-09-07 05:06:16',62,4254),(288,13,'2007-08-21 23:24:44',77,3423),(288,25,'2014-03-19 07:38:56',8,1664),(288,58,'1998-11-07 06:11:06',15,2831),(289,26,'2017-11-03 10:35:47',15,805),(289,28,'2006-09-11 20:58:56',35,1235),(289,35,'1998-08-03 09:50:28',92,4250),(289,39,'1995-07-23 10:25:46',9,2090),(289,45,'1990-07-21 06:11:55',42,2248),(289,55,'1999-09-21 07:17:12',89,3448),(289,58,'2001-11-05 13:10:08',53,333),(289,64,'1990-08-15 19:15:51',11,784),(290,14,'2014-05-02 07:57:14',76,842),(290,25,'1987-07-16 08:21:10',24,487),(290,40,'1990-11-04 08:57:08',7,3396),(290,73,'1999-03-23 10:34:28',47,1258),(291,4,'2014-08-20 09:41:39',97,4905),(291,10,'2011-07-16 14:54:34',38,3785),(291,16,'2008-02-13 05:33:38',61,3930),(291,67,'2002-05-19 20:37:22',76,3355),(292,1,'2016-08-02 12:37:29',44,14),(292,20,'2007-08-08 23:07:11',4,1738),(292,40,'2003-12-26 19:24:28',46,4726),(293,21,'1989-01-17 12:08:40',24,12),(293,34,'2009-08-25 14:18:11',89,4076),(293,66,'2001-11-20 00:21:12',17,2441),(293,68,'2008-01-09 10:18:04',54,2699),(293,69,'2003-12-18 18:31:53',59,4334),(293,70,'1998-10-24 09:59:33',44,2650),(294,9,'2015-02-03 22:15:10',28,4026),(294,39,'2006-03-21 00:07:45',72,2776),(294,49,'2015-02-22 12:06:52',54,118),(294,53,'2001-12-04 04:19:33',23,457),(295,4,'2008-06-18 14:37:52',52,4298),(295,6,'2002-06-26 15:21:33',32,3252),(295,16,'2016-10-22 04:21:48',98,4040),(295,47,'2008-09-15 11:02:38',48,1932),(295,55,'2014-04-09 18:17:27',79,4960),(295,72,'1990-11-27 07:18:27',23,2184),(296,22,'2007-10-05 05:06:40',13,3286),(296,58,'2000-04-17 06:57:56',14,2283),(297,30,'1990-08-20 15:52:35',1,1078),(297,35,'1991-03-03 02:18:31',92,1204),(297,46,'1985-03-27 21:52:47',64,3728),(297,77,'2001-07-12 01:56:22',34,4425),(298,11,'1987-10-26 02:01:38',15,4370),(298,26,'2009-07-22 11:10:08',28,2161),(298,39,'2010-08-19 07:36:36',94,4254),(298,63,'2007-01-13 20:14:42',98,2949),(299,36,'1989-09-13 17:21:17',97,2982),(299,52,'1990-01-25 15:22:29',68,4194),(299,55,'2017-11-04 02:38:28',92,4887),(299,61,'1985-02-11 08:38:40',61,4514),(299,72,'2016-03-10 05:33:18',25,2759),(300,16,'2013-11-03 09:47:00',20,1600),(300,19,'1997-05-24 02:19:39',16,2920),(300,54,'2000-10-17 04:08:11',11,2787),(300,60,'2003-09-16 22:16:34',95,4468),(300,62,'2013-05-23 12:30:21',77,940),(300,76,'1984-06-12 10:07:33',31,1195),(301,18,'1992-09-17 23:25:48',87,335),(301,23,'1997-01-02 09:22:48',14,2238),(301,33,'1994-11-23 21:38:23',40,3340),(301,55,'1990-08-23 15:09:44',50,4765),(301,57,'1994-05-25 08:28:42',4,4751),(301,65,'1989-08-02 01:31:26',45,1648),(301,78,'1995-02-16 23:01:20',97,2794),(302,1,'2014-07-08 06:18:25',19,3797),(302,66,'1986-03-15 02:57:28',47,4662),(302,67,'1995-02-16 23:57:07',26,4653),(303,1,'1986-12-24 21:32:38',14,1051),(303,47,'2004-03-21 15:24:39',80,1214),(304,12,'2000-01-20 19:24:17',66,1814),(304,29,'2001-02-19 02:41:17',83,4550),(304,36,'1983-05-01 04:02:22',99,129),(304,58,'1994-02-17 20:35:59',6,2277),(305,26,'1985-02-04 21:57:37',26,4696),(305,29,'2016-10-26 14:41:42',43,4753),(305,32,'2012-08-22 09:27:20',36,1365),(305,49,'1993-11-20 11:12:49',41,2314),(306,17,'1987-05-07 23:33:58',59,1587),(306,39,'1996-04-10 08:40:49',91,1654),(306,40,'2006-02-16 11:28:00',22,4892),(306,64,'2001-08-24 15:20:10',73,2553),(306,80,'2003-11-03 01:49:17',31,788),(307,58,'1999-07-21 19:09:39',47,3747),(307,62,'1987-06-24 01:55:08',78,1408),(307,63,'2005-11-21 13:47:59',88,559),(307,78,'1983-01-25 21:50:09',94,987),(308,28,'1995-12-18 04:28:29',63,4839),(308,37,'1998-06-20 11:38:19',97,652),(309,19,'2001-09-02 03:29:08',9,2922),(309,23,'1997-04-23 16:05:37',34,2892),(309,31,'2017-01-10 05:40:09',24,3520),(309,59,'2017-07-05 06:08:14',65,2028),(310,56,'1995-09-09 23:44:25',45,4756),(310,71,'2017-07-19 17:22:04',25,2857),(310,80,'1996-01-07 17:06:15',16,4002),(311,20,'1991-05-25 01:14:17',68,2670),(311,24,'2009-02-22 07:38:46',97,3777),(311,25,'2008-02-23 21:30:32',42,3372),(311,38,'1991-10-17 17:02:49',77,4743),(312,7,'1986-02-16 10:31:52',73,2066),(312,43,'2007-03-10 09:55:56',3,2890),(312,79,'1992-02-22 01:36:23',7,3649),(313,15,'2010-01-22 05:23:52',20,4696),(314,75,'2014-06-26 08:26:37',40,395),(314,80,'2008-10-07 23:44:26',16,2369),(315,1,'1984-12-15 08:02:16',28,2078),(315,11,'2016-10-07 10:44:28',20,1089),(315,58,'1992-06-23 19:28:39',74,1764),(316,5,'1996-07-15 04:39:07',11,435),(316,43,'2007-03-17 11:30:54',89,3472),(316,56,'1992-01-23 09:28:24',78,1115),(316,75,'2010-05-26 20:26:19',73,417),(317,44,'1999-10-08 03:43:40',90,810),(317,47,'1991-09-23 12:05:18',66,4342),(318,8,'1998-09-14 11:39:37',31,2821),(318,17,'2015-02-09 02:38:53',45,953),(318,34,'2017-11-17 02:28:26',76,4028),(318,35,'2014-12-17 12:31:58',2,4709),(318,44,'2017-09-04 15:28:35',77,2685),(318,75,'2010-07-19 19:42:28',65,4473),(319,10,'1985-04-02 00:28:18',43,2872),(320,28,'1995-12-04 09:38:14',35,4953),(320,73,'2009-02-11 07:53:24',58,4424),(321,48,'2009-10-10 02:58:36',41,521),(321,63,'2000-06-14 05:09:49',59,1577),(321,80,'2014-07-21 18:22:42',41,25),(322,20,'2002-05-24 06:58:24',50,4489),(322,25,'2013-02-10 13:10:36',95,3331),(322,42,'1991-01-03 07:54:36',57,429),(322,61,'2014-03-05 20:29:18',23,3935),(323,9,'1985-05-20 20:45:33',43,811),(323,10,'1983-01-06 10:37:57',85,4877),(323,21,'1984-02-07 06:00:50',67,751),(323,26,'1992-12-17 02:18:19',19,3648),(323,48,'1985-10-05 06:40:28',21,3577),(323,62,'1984-05-01 16:09:50',14,980),(323,66,'1986-08-04 20:17:01',74,4908),(323,70,'2011-07-01 12:19:21',30,2088),(324,27,'1992-06-05 01:12:59',76,4221),(324,31,'2010-12-18 00:12:49',25,3989),(324,49,'2002-09-23 09:52:25',67,2564),(324,51,'2008-07-08 14:56:42',33,2934),(324,62,'2015-06-25 23:35:08',77,4753),(325,38,'2016-08-05 12:51:25',21,2503),(325,40,'1983-01-06 12:29:35',69,4960),(325,58,'2006-01-08 11:26:12',62,1526),(325,59,'2006-12-13 10:36:34',88,598),(325,70,'1996-12-07 20:26:12',72,1719),(325,75,'1993-04-07 12:15:35',52,325),(326,27,'1999-07-24 08:10:22',94,2133),(326,52,'1987-03-27 17:52:58',53,1017),(327,12,'1985-04-01 03:15:10',45,2071),(327,36,'1987-06-05 13:08:53',72,2735),(327,47,'2000-09-13 05:30:08',38,1238),(327,63,'2002-06-08 05:38:11',63,2732),(328,9,'1991-03-13 03:30:12',88,2880),(328,63,'1995-01-14 17:45:49',40,3626),(328,66,'2016-12-27 12:32:33',66,4437),(328,69,'1991-08-12 14:08:53',64,361),(329,8,'2012-09-21 05:28:19',57,4868),(329,13,'2012-05-17 09:27:01',7,1869),(329,53,'1985-11-03 22:32:30',85,3866),(329,54,'2008-01-13 10:27:40',17,490),(330,5,'2006-06-10 10:06:14',100,4480),(330,23,'1996-04-06 09:05:06',33,4179),(331,16,'2009-03-22 12:22:04',73,3813),(331,35,'1986-05-08 05:17:48',40,1467),(331,38,'2001-06-26 06:05:33',12,2421),(331,73,'2012-03-14 03:20:21',3,349),(332,52,'2017-12-03 06:20:17',74,698),(332,71,'1998-11-03 04:13:17',72,4210),(332,76,'2010-11-04 06:16:02',51,1814),(333,1,'1992-05-23 08:25:37',95,4451),(333,9,'1997-05-07 00:33:43',35,5),(333,32,'1998-09-11 16:05:41',99,1941),(333,54,'1988-12-04 05:19:20',45,3354),(334,13,'1999-12-07 00:03:57',92,4469),(334,22,'1993-03-14 02:07:35',38,2991),(334,35,'2014-04-01 17:06:46',72,2037),(334,74,'1995-06-06 06:34:32',14,2178),(335,15,'1983-12-17 06:57:15',43,4309),(335,21,'2002-05-24 14:47:51',67,155),(335,29,'2003-05-01 09:10:14',88,1614),(335,56,'2005-12-25 12:51:14',80,1332),(335,67,'2015-06-16 16:58:17',76,4689),(336,55,'1996-04-24 07:19:52',100,3490),(336,68,'2007-05-21 15:44:32',84,288),(336,73,'1986-10-01 17:47:56',42,726),(336,78,'1992-11-05 10:21:10',47,2515),(337,24,'2017-04-27 11:16:17',83,1748),(337,27,'2012-05-12 02:08:43',84,3046),(337,38,'2004-11-15 19:53:13',4,2619),(337,74,'1997-11-11 20:31:39',93,172),(338,12,'2013-03-10 16:24:48',17,4635),(338,26,'2008-01-26 04:57:43',75,3064),(338,67,'1999-08-01 19:48:57',45,2605),(339,1,'1997-04-18 01:07:17',21,2467),(339,21,'2003-12-07 18:05:34',77,2900),(339,33,'1984-06-15 23:59:37',17,1473),(339,54,'1985-05-13 05:33:10',52,1874),(340,40,'2005-01-24 21:14:19',18,2834),(340,48,'2007-08-24 13:45:22',49,1348),(340,50,'1984-05-16 01:37:06',39,4034),(340,53,'2008-03-19 21:39:28',66,4733),(340,60,'1993-08-04 17:35:38',69,3547),(340,71,'1996-11-21 20:33:19',96,3421),(341,7,'2007-12-08 12:55:24',88,1838),(341,24,'2008-02-16 02:06:12',9,4352),(341,25,'2009-12-08 03:37:17',26,4088),(341,37,'1999-11-06 01:38:20',70,2959),(341,45,'1988-06-18 16:55:33',28,373),(342,62,'2014-08-26 19:20:22',38,1516),(342,71,'2004-01-07 16:39:10',46,2679),(343,33,'1992-11-23 22:30:53',3,3424),(343,80,'1999-07-18 22:32:57',28,430),(344,3,'1988-03-23 12:38:22',78,3407),(344,12,'2005-06-15 05:06:20',9,4144),(344,26,'1983-11-03 22:47:24',14,4239),(344,29,'1997-04-26 02:44:35',30,4745),(344,37,'2014-05-23 09:50:30',89,2515),(344,45,'2002-05-03 10:04:52',14,4137),(344,47,'1999-09-26 08:13:16',90,2089),(344,51,'1988-12-16 22:38:17',97,153),(344,55,'2011-03-19 22:40:57',92,1693),(345,1,'2004-10-13 12:14:38',6,2057),(345,4,'1997-03-01 03:36:29',49,4516),(345,7,'2003-06-21 07:36:33',11,637),(345,31,'2009-08-11 07:44:08',68,1755),(345,36,'1993-09-09 07:30:20',2,2427),(345,46,'1994-07-02 15:33:45',82,402),(345,57,'2016-10-12 05:53:55',43,630),(345,63,'2015-03-26 20:23:34',75,3464),(346,6,'1998-08-21 04:37:43',70,1809),(346,13,'1996-04-13 16:18:46',7,4864),(346,27,'1994-05-10 08:54:23',14,1575),(346,67,'1991-05-08 03:25:58',93,4068),(346,77,'1996-05-07 09:41:27',38,1021),(346,80,'2009-02-13 07:17:12',1,4376),(347,11,'1995-12-05 07:10:28',19,255),(347,31,'1997-09-14 10:01:43',66,4215),(347,40,'2007-01-03 00:55:37',51,4368),(347,65,'2008-10-22 11:56:08',58,4664),(347,68,'1983-05-24 02:12:43',62,3588),(348,10,'1991-10-17 08:45:59',42,1809),(349,16,'1983-06-08 00:03:51',79,4501),(349,32,'1987-12-03 02:22:19',44,2210),(349,46,'2001-01-21 16:50:21',57,4944),(349,60,'1983-09-09 02:26:58',36,1879),(350,10,'1984-08-08 17:55:33',72,2158),(350,19,'1991-09-10 16:03:28',41,4861),(350,32,'2011-05-06 15:47:32',74,4613),(350,44,'1994-09-27 22:04:02',31,4617),(350,70,'1999-11-23 09:03:44',81,651),(352,2,'2009-11-02 16:53:22',24,342),(352,32,'1986-10-22 01:01:28',35,558),(352,45,'2014-02-07 03:38:07',22,4244),(352,46,'2014-04-05 12:30:35',4,3776),(352,63,'1986-05-13 15:02:30',28,1169),(352,67,'1990-07-20 07:12:04',45,2979),(353,14,'2013-07-23 14:47:14',84,787),(353,15,'2003-11-26 17:58:55',36,1558),(353,33,'2008-12-26 04:51:59',87,328),(353,49,'2014-04-05 04:30:42',55,4540),(354,34,'2008-06-11 17:03:40',75,2983),(354,54,'2007-08-21 00:25:11',54,1669),(355,27,'2007-03-13 18:12:09',94,1593),(355,45,'2003-06-26 17:22:35',42,1171),(355,46,'1999-06-21 04:54:19',18,3348),(355,49,'2001-08-07 23:35:28',87,2750),(356,21,'2017-06-27 02:06:46',99,4490),(356,37,'1987-05-16 21:47:11',42,3953),(356,41,'1998-05-03 00:27:49',84,2273),(356,59,'2017-10-04 16:53:09',82,83),(356,73,'2014-06-26 20:57:29',79,1645),(356,79,'2008-12-15 13:11:27',59,2754),(357,23,'2000-03-07 01:33:08',59,4326),(357,25,'2002-04-13 19:07:25',44,165),(357,38,'1983-01-03 10:52:19',79,2952),(357,39,'1991-01-20 21:48:03',79,3347),(358,45,'2006-10-01 14:28:50',41,3434),(358,47,'2014-10-18 21:18:41',57,4847),(359,44,'2007-11-13 20:14:58',35,1371),(359,67,'1997-11-03 15:08:13',75,2920),(359,77,'2007-04-02 17:16:44',5,3224),(360,10,'1990-09-15 21:00:52',5,1908),(360,34,'1983-11-27 08:25:27',61,4214),(360,38,'2011-12-26 13:01:50',35,3116),(360,55,'2000-07-03 15:36:09',60,3714),(361,29,'1996-01-18 06:21:28',96,1975),(361,43,'1996-08-01 14:08:29',58,2547),(362,2,'2014-11-14 23:38:53',95,2211),(362,9,'2013-07-01 17:44:56',37,584),(362,25,'1993-07-17 22:57:51',98,4048),(362,28,'1987-02-08 11:34:39',40,3551),(362,29,'1996-01-02 21:59:22',68,4173),(362,31,'1983-11-20 22:29:31',50,753),(362,32,'2009-12-13 13:39:06',98,4089),(362,38,'1992-10-04 21:25:37',74,2129),(362,68,'1992-07-22 10:10:01',41,3656),(363,7,'1987-03-05 21:46:22',35,4872),(363,53,'2013-01-07 09:34:38',69,4718),(363,57,'2016-07-21 02:49:25',7,1530),(363,65,'1986-10-09 11:08:45',95,554),(364,53,'2001-09-27 23:40:53',10,4094),(364,57,'1985-04-01 11:05:36',13,1789),(364,65,'2005-03-02 00:50:25',49,4536),(364,68,'2003-01-07 06:18:05',60,3859),(365,23,'2004-03-01 02:30:40',60,4494),(365,31,'1986-04-17 17:29:37',12,2155),(365,33,'1983-08-06 07:06:35',17,4969),(365,36,'1986-09-20 14:54:22',25,3322),(365,59,'2015-06-08 23:02:11',60,826),(365,71,'1994-12-18 12:56:03',99,3150),(366,34,'2015-11-23 03:27:58',26,4510),(366,62,'1994-04-05 08:08:31',92,1013),(367,5,'2009-10-01 23:06:45',27,1744),(367,17,'2016-04-26 13:40:34',39,727),(367,22,'1994-09-22 21:51:06',58,847),(367,39,'1986-08-09 17:19:51',16,4628),(367,41,'1986-05-16 05:45:06',32,1180),(367,57,'2012-04-15 00:16:15',47,4168),(368,36,'1986-10-16 15:49:29',5,116),(368,74,'1999-07-27 14:41:53',57,2689),(368,75,'2008-10-15 19:29:33',65,812),(368,77,'2012-10-20 22:01:18',49,522),(369,19,'1985-05-07 00:26:06',24,3250),(369,47,'1989-02-13 22:25:54',35,3998),(369,58,'1996-01-24 15:46:36',2,4242),(369,72,'2016-06-13 00:28:17',79,239),(370,3,'1997-11-27 09:05:59',5,4458),(370,9,'1986-08-07 12:17:11',3,3209),(370,30,'2002-03-07 15:00:48',36,2316),(370,36,'2006-02-20 11:45:05',46,1273),(372,14,'1987-01-10 08:23:18',28,2874),(372,19,'2006-09-11 20:02:24',1,4771),(372,22,'1988-03-23 18:24:23',45,2076),(372,31,'2000-10-17 17:43:59',95,4151),(372,54,'2003-11-08 21:38:43',83,4598),(372,55,'1995-01-07 23:19:25',87,1696),(372,72,'2016-11-27 19:34:48',75,4599),(372,75,'1984-04-26 07:55:01',90,1076),(373,5,'2010-04-15 00:50:44',67,4425),(373,13,'2006-10-17 11:36:13',45,763),(373,48,'2004-06-15 23:17:00',24,1767),(373,54,'1987-11-12 04:23:28',5,3699),(373,58,'1983-07-03 11:27:57',68,3165),(373,62,'2000-09-27 20:57:41',89,1366),(373,78,'1983-08-04 16:07:03',21,3953),(374,33,'2008-03-07 03:14:59',53,3891),(375,39,'1996-09-26 14:38:19',9,4572),(375,68,'2016-08-11 08:04:29',30,1264),(375,72,'2009-04-19 10:34:14',96,1704),(376,24,'2013-11-03 16:37:15',9,4049),(376,25,'1991-01-15 11:01:37',92,3285),(376,47,'1992-03-09 02:39:24',16,2060),(376,48,'1998-06-09 15:07:04',41,2039),(376,66,'2008-10-01 04:40:39',6,4485),(376,68,'2016-11-23 01:20:02',5,4321),(376,69,'2014-08-26 23:13:27',40,1362),(376,73,'2002-09-20 22:43:04',47,4753),(377,13,'1997-11-04 18:19:39',33,1424),(377,35,'1989-07-03 07:53:25',85,3158),(377,54,'1999-05-14 17:33:46',19,4409),(377,67,'1985-05-25 17:22:49',30,1282),(377,71,'1990-01-24 19:50:24',83,2161),(378,50,'1984-03-10 00:35:00',54,515),(378,62,'2006-01-09 07:12:54',67,3774),(378,68,'2000-02-05 00:29:27',50,497),(378,73,'1983-12-16 21:56:14',89,2143),(379,10,'1988-09-06 09:27:16',21,1337),(379,49,'1989-04-22 00:06:45',22,3534),(380,6,'1999-07-12 13:56:45',25,3226),(380,9,'1998-05-16 20:14:09',99,4441),(380,11,'1985-02-10 19:57:15',94,882),(380,33,'1986-07-03 08:50:59',10,3035),(380,52,'2012-12-13 09:52:17',63,538),(381,24,'2011-09-16 18:20:47',62,4475),(381,47,'2009-03-11 09:31:23',32,2667),(381,74,'2016-02-18 17:26:52',3,2726),(382,19,'2004-06-01 18:16:33',75,48),(382,55,'2002-01-13 06:48:08',36,1907),(382,61,'2016-02-26 04:38:26',70,4519),(382,71,'2000-05-14 05:03:02',2,3142),(383,33,'1989-07-13 10:53:59',84,1400),(384,19,'1986-11-23 03:09:33',11,1109),(384,59,'1989-12-18 06:26:00',36,549),(384,69,'1992-02-11 18:51:00',29,2533),(385,18,'1997-03-11 12:15:02',86,2435),(385,45,'2000-04-18 16:49:57',32,2911),(385,74,'1985-10-17 15:04:15',62,2624),(386,54,'1984-05-26 08:07:48',45,4149),(386,62,'2008-01-11 01:40:01',31,3327),(387,6,'1999-04-22 18:36:01',40,3725),(387,28,'2006-07-02 20:52:24',56,100),(387,50,'1995-05-20 16:24:35',19,4608),(387,51,'1999-08-27 16:40:48',86,589),(387,57,'1986-09-08 10:27:58',50,4084),(387,78,'1997-03-24 19:56:09',60,772),(388,2,'1995-02-03 13:45:57',99,1937),(388,4,'2010-02-26 03:57:22',9,4702),(388,6,'1997-10-25 17:50:52',39,250),(389,60,'2017-12-13 12:21:24',46,935),(390,36,'1993-01-22 06:14:21',55,356),(390,45,'2009-11-15 05:17:01',48,1897),(390,48,'1992-09-17 16:22:12',30,1336),(390,55,'1985-09-03 15:58:48',16,1901),(391,7,'2002-05-02 22:18:12',29,3231),(391,21,'2008-10-20 00:46:41',37,2278),(391,26,'2002-12-19 03:30:12',60,3518),(391,34,'2007-01-20 07:40:03',6,2771),(391,36,'2008-12-05 22:26:46',62,2353),(391,48,'2002-11-12 11:36:48',11,4199),(391,51,'1993-07-09 18:11:23',76,4753),(391,54,'2012-03-23 01:51:20',30,1225),(391,69,'2012-03-12 07:36:07',57,2789),(392,38,'2017-01-20 19:57:59',99,274),(392,67,'2009-02-16 00:48:41',78,2742),(393,2,'2002-04-22 19:56:57',59,2374),(393,3,'2002-06-15 18:26:50',15,1099),(393,17,'1999-08-07 07:28:59',86,400),(393,21,'2003-12-10 07:36:06',73,172),(393,25,'2005-11-21 11:49:15',88,132),(393,53,'1983-09-18 07:03:24',22,4667),(393,70,'1994-09-12 22:46:44',93,528),(394,12,'2014-08-22 17:44:24',87,731),(394,47,'1985-02-25 06:02:02',33,1146),(394,69,'2002-12-13 11:49:17',47,1847),(395,25,'1990-04-03 04:35:16',49,3976),(395,38,'1983-11-26 18:06:26',9,3598),(395,42,'1985-11-08 04:05:50',52,2164),(395,43,'2001-06-23 10:19:24',75,1627),(395,53,'1990-08-01 09:55:39',92,4106),(395,54,'2007-03-26 11:19:07',10,819),(395,67,'1994-11-25 15:50:34',56,2010),(396,25,'1991-05-26 23:00:48',37,159),(396,30,'2015-08-13 04:23:07',18,2708),(396,55,'1998-11-20 15:08:06',80,2858),(396,67,'2013-03-01 16:40:04',65,1534),(397,49,'1993-06-06 16:51:39',46,4127),(397,71,'1990-02-07 22:14:03',28,2790),(398,21,'1987-05-26 09:25:59',28,1498),(398,24,'2006-10-05 13:44:10',72,3137),(399,28,'1998-05-18 12:08:43',25,2127),(399,29,'2005-03-17 16:44:51',66,25),(399,45,'1988-05-10 05:38:04',59,3912),(399,48,'1994-04-13 08:47:53',90,2862),(400,6,'2006-11-05 00:55:59',40,4929),(400,7,'2015-07-04 03:53:11',25,715),(400,47,'1995-07-17 18:01:10',75,3202),(400,62,'2008-06-06 20:35:06',27,1388),(401,1,'2011-02-18 08:10:13',21,2007),(401,10,'1983-11-06 11:11:54',85,198),(401,15,'2000-06-12 10:01:06',6,1587),(401,35,'2016-09-03 05:49:05',17,3882),(401,43,'2013-02-15 23:25:22',79,1263),(401,47,'2003-09-12 07:41:54',56,858),(401,74,'2000-10-01 10:36:38',37,4735),(402,6,'1990-11-26 16:13:53',24,2369),(402,19,'2000-02-13 09:04:57',86,4878),(402,26,'1996-02-02 02:23:44',48,3721),(403,60,'1995-09-13 12:09:32',16,554),(403,66,'2014-11-13 01:32:28',26,1957),(404,49,'2008-07-20 07:11:14',78,2182),(404,63,'1993-10-06 02:33:37',95,4447),(404,79,'2004-07-14 16:13:36',21,2673),(405,42,'1993-07-23 11:24:24',84,2394),(405,46,'1988-05-16 17:39:24',85,492),(405,70,'2016-03-26 09:56:48',72,322),(405,72,'1993-09-26 11:40:12',59,787),(406,58,'1994-12-14 14:04:52',16,2918),(406,62,'1984-06-14 13:25:35',97,3807),(407,4,'2001-02-11 00:01:33',82,4159),(407,12,'1997-02-24 07:41:53',82,2742),(407,15,'2008-10-07 14:26:01',2,3763),(407,21,'1992-07-11 17:29:05',62,4943),(407,70,'1994-09-04 10:08:06',27,1721),(408,4,'2017-11-13 20:57:41',74,4561),(408,80,'2010-06-24 23:10:01',79,3744),(409,68,'2005-01-09 09:05:40',47,546),(410,26,'1997-03-07 20:53:22',51,1658),(411,2,'2015-10-24 08:40:06',13,2072),(411,20,'2008-12-02 14:18:11',92,547),(412,2,'2011-06-11 11:36:20',93,4855),(412,58,'1987-10-15 21:44:51',31,2355),(412,71,'2004-07-01 07:03:11',88,1245),(413,3,'1993-07-24 16:14:15',7,4618),(413,26,'1991-04-06 20:50:15',6,4744),(413,35,'1983-08-17 06:34:22',95,4574),(413,67,'1988-11-03 08:28:31',37,2412),(413,78,'1983-04-26 06:46:05',51,1575),(414,15,'1996-05-10 19:33:31',63,1271),(414,17,'1995-02-25 22:05:59',59,3294),(414,55,'2009-11-06 03:02:25',75,2829),(415,9,'2001-10-27 04:35:10',7,1451),(415,28,'1989-05-13 15:53:40',1,2823),(415,47,'1994-09-18 13:44:46',29,3132),(415,52,'2008-11-20 18:04:32',54,2505),(415,64,'1985-10-11 09:01:46',63,4106),(415,71,'1999-08-16 14:05:39',54,1495),(416,4,'1997-05-16 08:58:39',67,1441),(416,36,'1983-10-01 05:33:50',47,1917),(416,53,'2009-02-23 09:17:22',36,1412),(416,60,'2003-10-27 21:18:17',15,1761),(417,78,'2013-04-26 13:27:50',53,3144),(418,8,'2007-07-22 18:08:17',15,3846),(418,9,'2016-02-26 21:32:10',67,1287),(418,15,'2007-02-05 02:49:39',14,2467),(418,17,'1984-12-18 02:12:48',64,3847),(418,64,'2007-11-01 17:30:49',39,1363),(418,68,'2008-10-02 12:04:55',24,815),(419,60,'1984-01-26 22:45:23',45,681),(419,76,'1990-01-03 02:58:24',33,2454),(419,79,'2010-12-07 10:14:38',100,1422),(420,6,'1997-03-24 21:09:29',4,2362),(420,10,'2016-01-07 13:19:10',38,4317),(420,35,'1992-08-16 14:32:09',67,438),(420,39,'1989-08-03 05:06:27',90,507),(420,65,'2005-11-05 09:12:28',15,2528),(420,70,'2006-01-07 01:55:12',21,4896),(420,74,'1986-04-12 03:32:52',88,3170),(421,4,'1996-09-10 03:39:51',85,4128),(421,30,'2013-04-09 22:44:14',35,4087),(421,63,'2004-09-04 22:47:46',33,4756),(422,14,'1988-02-13 19:55:15',98,162),(422,17,'2001-08-05 15:51:17',47,4915),(422,39,'2014-05-25 16:54:17',20,2014),(422,71,'2012-06-18 12:56:48',37,1042),(423,6,'2003-01-22 15:54:22',83,1753),(423,34,'1987-08-14 02:02:50',8,3346),(423,60,'2011-09-02 11:41:31',19,2419),(423,79,'2015-11-21 17:00:14',14,4649),(424,47,'2009-11-15 21:20:44',44,983),(425,5,'2001-07-18 16:39:55',82,1738),(425,14,'1991-07-04 12:41:13',39,101),(425,34,'1983-09-09 18:14:22',67,1602),(425,38,'2000-07-27 19:49:35',21,1277),(426,16,'2013-05-03 07:56:24',93,969),(426,24,'2005-06-24 20:50:23',95,3653),(426,68,'1999-07-18 18:28:35',74,3799),(426,79,'1993-08-15 06:48:38',8,2230),(427,13,'1995-08-03 18:39:16',5,1647),(427,23,'1995-05-26 04:26:45',82,3618),(427,29,'1986-01-27 04:14:44',97,4330),(427,46,'2001-08-12 18:25:30',29,2518),(427,70,'1999-08-03 18:43:52',4,2402),(428,1,'1987-07-24 02:21:53',55,154),(428,13,'2017-07-14 03:01:13',68,435),(428,73,'2009-08-17 18:15:40',63,3674),(428,79,'2006-04-22 19:04:51',44,1282),(429,9,'2017-09-27 05:20:49',99,2226),(429,13,'1988-09-21 20:27:23',29,763),(429,14,'2005-10-24 15:23:24',85,4259),(429,41,'1996-02-14 22:37:45',19,2135),(429,46,'2005-06-26 04:15:27',46,2396),(429,63,'1984-08-01 19:23:53',3,3503),(430,17,'1998-10-26 00:36:18',93,3132),(430,31,'2010-05-20 18:11:01',50,4025),(430,39,'1991-07-15 15:48:01',98,1289),(431,29,'2000-09-24 22:58:15',86,2879),(431,74,'1991-11-13 09:22:22',86,2332),(432,4,'1990-05-18 06:32:52',86,2972),(432,12,'1992-12-02 20:20:37',68,1912),(432,26,'1992-07-07 15:54:59',11,2756),(432,31,'2011-06-19 20:42:00',7,4290),(432,73,'2013-05-06 05:52:22',25,1730),(432,79,'2016-11-20 07:36:17',63,3558),(433,19,'2016-10-27 21:26:05',86,2374),(433,32,'1998-10-05 01:03:10',91,79),(433,33,'1998-08-04 13:27:13',94,3649),(433,36,'1990-04-17 01:42:37',39,1730),(434,7,'1997-10-09 09:16:44',55,364),(434,8,'2004-02-26 14:25:48',21,2261),(434,26,'1985-04-18 22:11:10',37,1572),(434,32,'1983-09-25 06:57:46',88,2966),(434,76,'2016-08-01 23:35:44',56,4059),(435,11,'1998-05-02 16:41:51',53,3353),(435,15,'1987-05-20 13:47:01',100,1501),(435,39,'1984-08-06 10:52:48',48,1145),(435,46,'2006-04-11 09:39:37',24,365),(435,64,'1994-11-22 05:36:55',44,2657),(436,24,'1998-11-17 17:49:28',34,1083),(436,29,'1984-07-11 04:10:29',96,4520),(437,15,'2008-04-14 17:28:43',24,3318),(437,31,'1997-10-06 09:35:42',73,2553),(437,41,'2011-08-25 20:16:58',38,869),(437,70,'1999-12-15 19:37:08',71,2400),(438,2,'2016-10-24 13:34:42',92,3161),(438,10,'2012-09-10 06:27:43',81,4629),(438,31,'2007-04-15 10:37:39',18,1555),(438,67,'2003-05-24 04:33:29',51,2876),(438,73,'2010-06-26 20:47:07',48,1621),(439,35,'2016-10-27 19:04:28',11,4516),(439,43,'2016-10-11 03:27:12',75,764),(439,44,'2014-07-01 05:36:10',94,525),(439,51,'1983-03-16 08:02:42',87,2539),(439,77,'1995-04-26 19:44:28',39,4789),(440,1,'2008-01-19 00:25:19',80,1894),(440,12,'2013-02-23 15:20:12',94,1935),(440,35,'2002-12-22 19:48:34',53,3485),(440,52,'1992-11-16 16:57:34',21,4152),(440,54,'2017-05-21 02:23:51',85,1882),(441,14,'2015-07-17 09:19:00',14,3419),(441,25,'2000-10-05 01:38:43',2,1513),(441,78,'1988-04-25 04:33:30',79,4860),(442,10,'2007-07-23 14:33:59',28,4332),(442,13,'2014-05-02 03:52:08',79,1637),(442,14,'2006-09-13 13:36:05',40,99),(442,34,'1983-08-02 22:23:59',37,2060),(443,22,'2016-02-03 04:48:01',12,733),(443,39,'2010-01-22 09:53:34',16,1407),(443,45,'2012-09-26 09:48:59',99,2233),(443,71,'2011-09-11 16:21:56',41,1060),(444,34,'1998-01-19 04:02:59',48,2434),(445,71,'2000-01-26 20:41:11',32,2359),(445,75,'2001-06-17 19:06:04',91,1043),(446,34,'1989-12-01 22:37:14',13,2679),(446,37,'1989-05-27 22:15:16',1,3175),(446,40,'1991-12-19 21:17:36',90,2817),(446,51,'2017-04-11 13:39:25',5,2737),(446,64,'2010-02-19 21:24:37',12,4693),(446,67,'2012-07-16 02:56:09',91,4969),(447,7,'1994-02-11 02:58:29',43,2556),(447,18,'1986-11-10 10:47:12',19,369),(447,63,'1998-08-04 13:49:16',95,2458),(448,3,'2007-09-22 04:38:40',34,2555),(448,4,'1984-12-06 06:13:10',61,303),(448,49,'1994-03-17 06:35:41',54,560),(448,62,'2008-02-01 02:33:15',8,2519),(449,50,'2006-11-04 16:15:09',25,886),(449,69,'1993-07-08 21:49:55',37,976),(450,11,'1991-07-05 02:28:21',83,4873),(450,31,'2017-12-12 02:49:26',44,335),(450,35,'2001-10-20 21:09:06',24,3631),(450,36,'2004-10-07 12:00:14',76,2291),(450,53,'2006-06-07 17:18:54',95,483),(450,68,'2001-09-21 14:34:59',52,265),(450,72,'2001-02-04 01:15:57',13,4980),(451,24,'2001-06-07 17:54:24',69,999),(451,68,'2010-02-18 07:22:20',87,3185),(452,3,'2002-03-18 18:00:35',61,3746),(452,30,'2006-06-14 05:59:20',34,4318),(453,30,'1998-01-02 17:37:57',51,2142),(453,44,'1988-03-16 03:37:31',90,2485),(453,47,'1985-01-22 00:20:20',92,4664),(453,61,'1999-10-07 22:33:40',91,3070),(453,65,'1985-11-24 05:39:13',88,202),(453,72,'1989-01-14 05:35:53',66,4837),(454,6,'1985-03-24 10:32:46',36,3030),(454,10,'2017-02-15 18:21:54',88,833),(454,40,'2015-12-18 12:43:33',15,4085),(455,4,'2005-01-13 00:27:11',54,3813),(455,24,'2017-05-16 22:14:19',79,4021),(455,57,'1995-09-26 00:08:01',31,3079),(456,12,'1983-02-23 21:41:21',34,2243),(456,41,'1998-08-13 03:37:25',16,390),(456,55,'2012-12-27 10:17:07',56,3708),(456,72,'2005-12-04 17:22:33',18,2368),(457,45,'2013-10-05 06:42:09',98,4067),(457,57,'1998-02-11 06:44:12',74,4210),(458,13,'2014-06-23 13:33:00',93,1546),(458,45,'2014-03-21 08:53:34',83,2988),(458,54,'1999-06-05 19:12:32',45,3142),(459,3,'2016-07-02 03:40:27',99,892),(459,4,'2005-02-26 20:53:16',32,3648),(459,24,'1993-08-12 01:07:15',10,1626),(459,29,'1992-04-12 07:22:04',11,1429),(459,74,'2000-03-10 10:59:43',89,2946),(460,17,'1997-11-01 13:10:16',58,580),(460,58,'1999-07-19 11:41:10',11,4477),(461,2,'2008-08-22 14:06:07',56,4532),(461,11,'1984-11-09 21:23:25',64,3614),(461,20,'2011-01-16 18:50:12',22,1270),(461,37,'1995-07-24 06:09:41',43,380),(461,73,'1988-10-12 22:46:18',95,1124),(461,78,'1996-12-07 22:27:59',13,4744),(462,14,'2008-03-02 13:54:41',34,2083),(462,26,'1992-11-03 16:58:14',93,1974),(462,27,'2013-09-01 15:17:30',18,3404),(462,56,'2003-04-25 06:09:03',1,4385),(462,66,'1984-01-15 14:28:04',55,3071),(463,20,'2003-01-14 08:12:57',67,1887),(463,37,'1998-02-17 09:07:45',11,3170),(463,67,'2004-08-08 11:36:23',76,193),(463,69,'2004-12-23 00:36:52',30,4912),(464,15,'1989-02-01 10:27:52',15,455),(464,23,'2010-05-05 13:39:36',59,4978),(464,30,'1999-10-27 18:47:33',87,1662),(464,35,'2008-12-01 13:34:50',3,3436),(464,74,'2005-08-12 17:20:51',75,624),(465,15,'1999-06-16 03:28:00',14,356),(465,20,'1988-07-14 10:45:04',100,4342),(465,24,'2017-09-04 06:04:29',15,1428),(465,37,'1995-11-19 15:35:35',40,2646),(465,59,'1997-08-04 05:16:01',8,4332),(465,66,'1997-12-17 09:27:26',88,4026),(465,80,'1999-12-09 08:13:51',55,1377),(466,13,'1990-12-10 12:04:40',38,158),(466,20,'1997-08-25 19:13:31',2,339),(466,43,'1988-04-25 08:54:34',43,2283),(466,54,'2005-06-24 10:17:53',85,919),(466,58,'2012-04-01 03:06:54',38,4765),(467,1,'2012-01-01 18:40:01',56,4501),(467,8,'1984-08-06 04:07:43',18,3842),(467,11,'1997-11-23 23:02:58',10,3858),(467,15,'1988-11-04 16:58:15',38,17),(467,68,'1996-02-02 05:26:33',18,3401),(468,11,'2008-02-01 06:00:23',82,2775),(468,15,'2002-02-27 00:28:21',26,1388),(468,64,'2010-05-12 18:17:39',74,3595),(469,27,'2005-11-03 01:13:46',58,1005),(469,64,'2002-11-24 05:17:22',95,164),(470,15,'2002-05-04 03:53:10',29,2272),(470,37,'1988-08-05 22:45:51',86,2928),(470,46,'1993-03-25 03:57:14',6,1916),(471,1,'2001-01-10 09:57:27',75,201),(471,16,'2007-11-10 18:15:14',57,4996),(471,26,'2010-02-08 22:39:11',85,1049),(472,37,'1986-01-18 03:19:51',1,2856),(473,12,'2009-10-07 11:53:56',89,3229),(473,55,'1994-02-25 23:23:14',65,1340),(473,74,'2002-02-23 06:34:06',91,4768),(474,17,'2008-02-08 22:36:45',30,3625),(474,24,'2006-02-04 16:13:51',33,1699),(475,36,'1994-06-21 17:21:49',25,4244),(475,48,'2000-04-23 09:53:02',41,3332),(475,61,'2007-10-19 22:47:56',75,2658),(476,10,'2007-03-12 11:49:52',48,3941),(476,14,'1995-01-17 02:01:03',7,3410),(476,73,'2017-08-19 13:08:22',39,132),(477,78,'2016-03-06 03:01:01',47,2526),(478,29,'1999-01-25 23:44:04',54,3548),(478,35,'2012-05-20 01:32:39',11,838),(479,7,'1991-05-14 15:50:05',39,3008),(480,26,'1996-04-03 16:12:46',86,4043),(480,55,'2003-02-22 02:36:23',37,3447),(480,70,'2012-10-22 23:59:28',57,2805),(480,77,'2003-07-10 23:53:36',98,407),(481,7,'2011-08-02 21:27:56',4,558),(481,8,'2001-11-04 22:09:25',72,3534),(481,45,'2010-04-16 09:16:34',71,514),(482,6,'2001-09-23 19:28:45',87,1198),(482,7,'2010-09-17 08:06:54',84,4792),(482,8,'1994-11-03 17:20:43',75,4875),(482,10,'1984-12-06 09:30:58',90,2135),(482,34,'1989-06-25 05:31:34',72,2241),(482,63,'1983-05-21 19:20:58',33,853),(484,1,'1996-09-02 04:44:37',26,3797),(484,3,'2007-01-24 20:08:00',81,3771),(484,12,'1994-09-20 23:33:22',69,3939),(484,71,'1995-11-03 01:56:18',58,2943),(484,79,'1992-09-10 22:55:21',38,4395),(485,8,'2017-07-15 08:02:38',4,4353),(485,9,'1998-11-11 11:03:49',71,4794),(485,10,'1998-02-06 10:00:01',44,1205),(485,46,'2009-10-01 13:03:00',1,3034),(485,49,'1983-10-26 10:37:15',96,3995),(485,73,'2017-07-25 21:51:13',23,328),(486,20,'2000-02-10 19:33:30',73,1498),(486,43,'2014-02-09 03:04:33',29,1327),(486,68,'1988-04-10 12:05:58',4,2614),(486,79,'2011-07-23 18:25:03',86,2319),(487,27,'1991-03-01 08:06:52',72,273),(487,41,'2011-09-10 21:50:19',63,140),(487,42,'1986-03-04 23:27:48',24,1488),(487,73,'1988-07-02 14:04:58',23,418),(488,13,'1984-12-14 23:29:37',65,2243),(488,44,'2004-10-18 18:28:27',6,2009),(488,48,'2017-03-17 16:44:40',79,3867),(488,62,'1983-11-20 13:23:50',63,648),(489,1,'2003-09-02 15:18:42',50,1964),(489,4,'2014-12-06 01:27:46',2,3088),(489,10,'2012-02-03 19:17:17',51,3470),(489,58,'1983-08-14 18:19:29',7,455),(489,60,'2000-08-27 11:14:14',50,193),(489,63,'1991-04-12 13:11:26',62,1493),(490,43,'2003-03-19 01:58:35',12,4446),(490,52,'1999-10-05 15:52:49',77,824),(491,12,'2017-12-07 20:00:30',39,3940),(491,24,'1990-02-16 01:32:24',94,3267),(491,30,'1983-02-02 05:32:23',88,87),(491,37,'2015-10-03 17:57:01',13,3480),(491,48,'2012-10-09 00:27:00',15,4815),(491,66,'1990-11-18 04:34:52',27,345),(491,69,'2007-06-26 18:39:25',98,4558),(492,31,'2006-08-24 01:56:30',82,455),(492,47,'1985-12-03 18:38:54',93,4654),(492,64,'1990-03-09 15:24:29',27,1617),(492,69,'1999-07-06 23:41:10',56,218),(492,76,'2001-07-18 10:33:14',73,3266),(492,79,'2003-03-03 15:49:07',53,4561),(494,3,'2015-10-16 00:11:37',35,1705),(494,4,'2013-06-11 04:53:50',31,190),(494,9,'2000-11-19 09:54:18',67,535),(494,25,'2005-02-24 12:02:18',93,4631),(494,38,'1999-03-12 06:24:50',73,1543),(495,66,'2016-05-24 03:37:47',94,2639),(496,9,'2012-03-21 21:03:11',6,3668),(496,35,'2010-03-18 17:37:45',25,4269),(496,44,'1986-06-07 03:01:00',91,87),(496,53,'1997-02-24 01:50:41',38,3220),(496,73,'1996-03-05 08:38:59',15,3628),(497,13,'2010-11-21 02:23:29',75,235),(497,19,'2011-04-01 08:02:49',94,4714),(497,37,'1990-10-04 15:23:48',62,784),(497,42,'1987-09-02 05:34:23',5,2900),(498,28,'1993-04-05 02:23:09',58,295),(498,49,'1996-10-02 07:42:48',97,1223),(498,70,'2008-02-13 10:25:00',93,351),(498,75,'1989-05-25 12:48:14',80,1909),(499,4,'1989-05-17 10:05:09',86,3942),(499,14,'2003-10-20 15:10:37',35,370),(499,23,'2000-09-21 19:39:45',21,2563),(499,32,'1986-09-24 02:31:36',38,2512),(499,39,'2014-07-19 12:30:21',39,2027),(500,1,'2015-08-06 22:45:25',92,3515),(500,6,'2005-09-24 07:38:37',60,4974),(500,51,'2012-12-15 16:08:33',3,421);
